receipt_id,file_path,merchant_name_truth,total_amount_truth,currency_truth,date_truth,category_truth,line_items_truth,language,image_quality,dataset_split,updated_at
rcp_7b322177,media/receipts/rcp_7b322177.jpg,Blue Pottery Studio,1750.00,INR,2026-03-11,transport,"[{""label"": ""Fare"", ""amount"": ""551.78""}, {""label"": ""Service"", ""amount"": ""1198.22""}]",hi,low_light,eval,2026-08-18T10:00:00+05:30
rcp_4afb38bc,media/receipts/rcp_4afb38bc.jpg,Airport Duty Free,426.00,LKR,2026-04-23,food,"[{""label"": ""Item"", ""amount"": ""157.68""}, {""label"": ""Service"", ""amount"": ""268.32""}]",hi,clean,train,2026-08-18T10:00:00+05:30
rcp_0c4d667e,media/receipts/rcp_0c4d667e.jpg,Chai Point,950.00,INR,2026-07-03,activities,"[{""label"": ""Item"", ""amount"": ""250.66""}, {""label"": ""Item"", ""amount"": ""193.65""}, {""label"": ""Ticket"", ""amount"": ""205.67""}, {""label"": ""Fare"", ""amount"": ""300.02""}]",ta,clean,train,2026-08-18T10:00:00+05:30
rcp_8cbc63b1,media/receipts/rcp_8cbc63b1.jpg,Sea Breeze Cafe,480.00,INR,2026-03-02,shopping,"[{""label"": ""Fare"", ""amount"": ""192.83""}, {""label"": ""Service"", ""amount"": ""287.17""}]",ta,skewed,train,2026-08-18T10:00:00+05:30
rcp_277f0970,media/receipts/rcp_277f0970.jpg,Spice Bazaar Stall 14,1750.00,INR,2026-06-30,fees,"[{""label"": ""Service"", ""amount"": ""1303.99""}, {""label"": ""Item"", ""amount"": ""446.01""}]",en-IN,clean,eval,2026-08-18T10:00:00+05:30
rcp_9a24e718,media/receipts/rcp_9a24e718.jpg,City Taxi Co-op,120.00,INR,2026-02-18,misc,"[{""label"": ""Ticket"", ""amount"": ""76.51""}, {""label"": ""Tax"", ""amount"": ""43.49""}]",bn,skewed,train,2026-08-18T10:00:00+05:30
rcp_799a717f,media/receipts/rcp_799a717f.jpg,Coastal Ferry Service,202.08,THB,2026-07-05,transport,"[{""label"": ""Ticket"", ""amount"": ""39.32""}, {""label"": ""Service"", ""amount"": ""66.97""}, {""label"": ""Fare"", ""amount"": ""95.79""}]",en-IN,clean,train,2026-08-18T10:00:00+05:30
rcp_fb666326,media/receipts/rcp_fb666326.jpg,Green Leaf Restaurant,6400.00,INR,2026-05-23,activities,"[{""label"": ""Item"", ""amount"": ""2548.74""}, {""label"": ""Item"", ""amount"": ""1370.59""}, {""label"": ""Fare"", ""amount"": ""2480.67""}]",en-IN,clean,train,2026-08-18T10:00:00+05:30
rcp_e9e2f2b2,media/receipts/rcp_e9e2f2b2.jpg,City Taxi Co-op,260.00,INR,2026-03-28,accommodation,"[{""label"": ""Fare"", ""amount"": ""85.64""}, {""label"": ""Service"", ""amount"": ""74.98""}, {""label"": ""Tip"", ""amount"": ""45.12""}, {""label"": ""Tip"", ""amount"": ""54.26""}]",en-IN,low_light,eval,2026-08-18T10:00:00+05:30
rcp_14c46bdc,media/receipts/rcp_14c46bdc.jpg,Spice Bazaar Stall 14,1750.00,INR,2026-07-06,transport,"[{""label"": ""Item"", ""amount"": ""760.89""}, {""label"": ""Tip"", ""amount"": ""989.11""}]",ml,clean,train,2026-08-18T10:00:00+05:30
rcp_86478b41,media/receipts/rcp_86478b41.jpg,Airport Duty Free,480.00,INR,2026-07-06,misc,"[{""label"": ""Service"", ""amount"": ""480.00""}]",en-IN,clean,train,2026-08-18T10:00:00+05:30
rcp_024efabc,media/receipts/rcp_024efabc.jpg,City Taxi Co-op,480.00,INR,2026-02-24,fees,"[{""label"": ""Tip"", ""amount"": ""240.63""}, {""label"": ""Fare"", ""amount"": ""239.37""}]",ta,clean,train,2026-08-18T10:00:00+05:30
rcp_462dce3d,media/receipts/rcp_462dce3d.jpg,City Taxi Co-op,15.30,SGD,2026-02-04,accommodation,"[{""label"": ""Tax"", ""amount"": ""6.10""}, {""label"": ""Item"", ""amount"": ""4.03""}, {""label"": ""Item"", ""amount"": ""5.17""}]",en-IN,clean,eval,2026-08-18T10:00:00+05:30
rcp_da84d327,media/receipts/rcp_da84d327.jpg,Sea Breeze Cafe,480.00,INR,2026-05-27,accommodation,"[{""label"": ""Tax"", ""amount"": ""106.99""}, {""label"": ""Item"", ""amount"": ""265.71""}, {""label"": ""Ticket"", ""amount"": ""107.30""}]",ta,skewed,train,2026-08-18T10:00:00+05:30
rcp_5f30e083,media/receipts/rcp_5f30e083.jpg,Heritage Museum Tickets,120.00,INR,2026-02-01,shopping,"[{""label"": ""Tax"", ""amount"": ""58.02""}, {""label"": ""Service"", ""amount"": ""61.98""}]",ta,clean,train,2026-08-18T10:00:00+05:30
rcp_b5e4758d,media/receipts/rcp_b5e4758d.jpg,Anand Bhavan,480.00,INR,2026-08-07,accommodation,"[{""label"": ""Ticket"", ""amount"": ""180.38""}, {""label"": ""Service"", ""amount"": ""299.62""}]",bn,clean,train,2026-08-18T10:00:00+05:30
rcp_44e5f6bc,media/receipts/rcp_44e5f6bc.jpg,Metro Auto Stand,6400.00,INR,2026-07-08,accommodation,"[{""label"": ""Tax"", ""amount"": ""6400.00""}]",ml,clean,eval,2026-08-18T10:00:00+05:30
rcp_9df07401,media/receipts/rcp_9df07401.jpg,Green Leaf Restaurant,6400.00,INR,2026-06-09,activities,"[{""label"": ""Fare"", ""amount"": ""1799.08""}, {""label"": ""Tax"", ""amount"": ""2179.45""}, {""label"": ""Tax"", ""amount"": ""2421.47""}]",ml,clean,train,2026-08-18T10:00:00+05:30
rcp_d66c3c2f,media/receipts/rcp_d66c3c2f.jpg,Airport Duty Free,6400.00,INR,2026-05-25,misc,"[{""label"": ""Tip"", ""amount"": ""6400.00""}]",ml,clean,train,2026-08-18T10:00:00+05:30
rcp_f53ca003,media/receipts/rcp_f53ca003.jpg,Coastal Ferry Service,3200.00,INR,2026-04-13,food,"[{""label"": ""Tip"", ""amount"": ""801.63""}, {""label"": ""Service"", ""amount"": ""1340.00""}, {""label"": ""Fare"", ""amount"": ""1058.37""}]",en-IN,skewed,train,2026-08-18T10:00:00+05:30
rcp_5335a164,media/receipts/rcp_5335a164.jpg,City Taxi Co-op,950.00,INR,2026-03-18,shopping,"[{""label"": ""Ticket"", ""amount"": ""270.67""}, {""label"": ""Fare"", ""amount"": ""679.33""}]",en-IN,skewed,eval,2026-08-18T10:00:00+05:30
rcp_0d3a7d36,media/receipts/rcp_0d3a7d36.jpg,Anand Bhavan,120.00,INR,2026-02-26,food,"[{""label"": ""Item"", ""amount"": ""68.29""}, {""label"": ""Ticket"", ""amount"": ""51.71""}]",hi,crumpled,train,2026-08-18T10:00:00+05:30
rcp_4a16aa3d,media/receipts/rcp_4a16aa3d.jpg,Metro Auto Stand,1.26,CHF,2026-07-11,food,"[{""label"": ""Service"", ""amount"": ""1.26""}]",en-IN,clean,train,2026-08-18T10:00:00+05:30
rcp_4183c5f3,media/receipts/rcp_4183c5f3.jpg,Airport Duty Free,480.00,INR,2026-01-31,accommodation,"[{""label"": ""Item"", ""amount"": ""239.69""}, {""label"": ""Item"", ""amount"": ""240.31""}]",bn,low_light,train,2026-08-18T10:00:00+05:30
rcp_1f343bc5,media/receipts/rcp_1f343bc5.jpg,Metro Auto Stand,3200.00,INR,2026-07-23,misc,"[{""label"": ""Tax"", ""amount"": ""1139.97""}, {""label"": ""Ticket"", ""amount"": ""591.99""}, {""label"": ""Item"", ""amount"": ""573.12""}, {""label"": ""Item"", ""amount"": ""894.92""}]",ta,clean,eval,2026-08-18T10:00:00+05:30
rcp_b9c4ef5f,media/receipts/rcp_b9c4ef5f.jpg,Airport Duty Free,1750.00,INR,2026-04-12,activities,"[{""label"": ""Service"", ""amount"": ""1750.00""}]",en-IN,clean,train,2026-08-18T10:00:00+05:30
rcp_71faa65d,media/receipts/rcp_71faa65d.jpg,Green Leaf Restaurant,480.00,INR,2026-08-16,transport,"[{""label"": ""Tip"", ""amount"": ""167.33""}, {""label"": ""Fare"", ""amount"": ""120.55""}, {""label"": ""Service"", ""amount"": ""61.03""}, {""label"": ""Service"", ""amount"": ""131.09""}]",bn,low_light,train,2026-08-18T10:00:00+05:30
rcp_54ff6c5c,media/receipts/rcp_54ff6c5c.jpg,Hotel Kanchan,1750.00,INR,2026-05-11,misc,"[{""label"": ""Item"", ""amount"": ""661.19""}, {""label"": ""Service"", ""amount"": ""498.92""}, {""label"": ""Fare"", ""amount"": ""589.89""}]",ta,clean,train,2026-08-18T10:00:00+05:30
rcp_dec39d0d,media/receipts/rcp_dec39d0d.jpg,Heritage Museum Tickets,6400.00,INR,2026-04-26,transport,"[{""label"": ""Fare"", ""amount"": ""2522.79""}, {""label"": ""Service"", ""amount"": ""1459.58""}, {""label"": ""Ticket"", ""amount"": ""2417.63""}]",ta,low_light,eval,2026-08-18T10:00:00+05:30
rcp_8d57ff2f,media/receipts/rcp_8d57ff2f.jpg,Spice Bazaar Stall 14,11360.00,LKR,2026-04-02,transport,"[{""label"": ""Fare"", ""amount"": ""2209.71""}, {""label"": ""Service"", ""amount"": ""4759.78""}, {""label"": ""Tax"", ""amount"": ""1638.78""}, {""label"": ""Fare"", ""amount"": ""2751.73""}]",ta,low_light,train,2026-08-18T10:00:00+05:30
rcp_5d1176d4,media/receipts/rcp_5d1176d4.jpg,Green Leaf Restaurant,6400.00,INR,2026-08-05,accommodation,"[{""label"": ""Fare"", ""amount"": ""6400.00""}]",hi,clean,train,2026-08-18T10:00:00+05:30
rcp_795e111f,media/receipts/rcp_795e111f.jpg,Coastal Ferry Service,41.52,QAR,2026-04-20,food,"[{""label"": ""Fare"", ""amount"": ""19.15""}, {""label"": ""Service"", ""amount"": ""22.37""}]",ta,skewed,train,2026-08-18T10:00:00+05:30
rcp_63193877,media/receipts/rcp_63193877.jpg,Blue Pottery Studio,260.00,INR,2026-07-04,accommodation,"[{""label"": ""Item"", ""amount"": ""50.00""}, {""label"": ""Service"", ""amount"": ""52.75""}, {""label"": ""Fare"", ""amount"": ""77.74""}, {""label"": ""Fare"", ""amount"": ""79.51""}]",en-IN,clean,eval,2026-08-18T10:00:00+05:30
rcp_fdc56f50,media/receipts/rcp_fdc56f50.jpg,Coastal Ferry Service,950.00,INR,2026-04-05,transport,"[{""label"": ""Service"", ""amount"": ""428.52""}, {""label"": ""Tip"", ""amount"": ""521.48""}]",ta,low_light,train,2026-08-18T10:00:00+05:30
rcp_f34309d1,media/receipts/rcp_f34309d1.jpg,City Taxi Co-op,1750.00,INR,2026-05-12,shopping,"[{""label"": ""Ticket"", ""amount"": ""565.70""}, {""label"": ""Ticket"", ""amount"": ""653.66""}, {""label"": ""Ticket"", ""amount"": ""530.64""}]",ml,clean,train,2026-08-18T10:00:00+05:30
rcp_7e2eb9d3,media/receipts/rcp_7e2eb9d3.jpg,Spice Bazaar Stall 14,5.24,QAR,2026-06-22,shopping,"[{""label"": ""Fare"", ""amount"": ""1.33""}, {""label"": ""Service"", ""amount"": ""1.55""}, {""label"": ""Item"", ""amount"": ""0.90""}, {""label"": ""Service"", ""amount"": ""1.46""}]",ta,clean,train,2026-08-18T10:00:00+05:30
rcp_484de7bf,media/receipts/rcp_484de7bf.jpg,Sea Breeze Cafe,4.19,SGD,2026-08-10,accommodation,"[{""label"": ""Ticket"", ""amount"": ""4.19""}]",ta,clean,eval,2026-08-18T10:00:00+05:30
rcp_9d7cd86a,media/receipts/rcp_9d7cd86a.jpg,Heritage Museum Tickets,3200.00,INR,2026-07-15,fees,"[{""label"": ""Service"", ""amount"": ""1712.32""}, {""label"": ""Service"", ""amount"": ""1487.68""}]",bn,low_light,train,2026-08-18T10:00:00+05:30
rcp_93575557,media/receipts/rcp_93575557.jpg,Coastal Ferry Service,341250.00,IDR,2026-06-18,accommodation,"[{""label"": ""Ticket"", ""amount"": ""85762.76""}, {""label"": ""Item"", ""amount"": ""179118.90""}, {""label"": ""Tax"", ""amount"": ""76368.34""}]",en-IN,clean,train,2026-08-18T10:00:00+05:30
rcp_7ad44f4f,media/receipts/rcp_7ad44f4f.jpg,Coastal Ferry Service,480.00,INR,2026-02-20,transport,"[{""label"": ""Tip"", ""amount"": ""162.06""}, {""label"": ""Tip"", ""amount"": ""152.22""}, {""label"": ""Tip"", ""amount"": ""165.72""}]",ml,low_light,train,2026-08-18T10:00:00+05:30
rcp_31d25b74,media/receipts/rcp_31d25b74.jpg,Airport Duty Free,41.52,QAR,2026-05-25,activities,"[{""label"": ""Fare"", ""amount"": ""20.46""}, {""label"": ""Service"", ""amount"": ""21.06""}]",bn,crumpled,eval,2026-08-18T10:00:00+05:30
rcp_d2a7a399,media/receipts/rcp_d2a7a399.jpg,Chai Point,6400.00,INR,2026-05-15,misc,"[{""label"": ""Service"", ""amount"": ""3785.58""}, {""label"": ""Ticket"", ""amount"": ""2614.42""}]",ta,crumpled,train,2026-08-18T10:00:00+05:30
rcp_123ca995,media/receipts/rcp_123ca995.jpg,Chai Point,3200.00,INR,2026-04-05,shopping,"[{""label"": ""Fare"", ""amount"": ""779.70""}, {""label"": ""Tip"", ""amount"": ""759.36""}, {""label"": ""Service"", ""amount"": ""1660.94""}]",ml,crumpled,train,2026-08-18T10:00:00+05:30
rcp_75917fcb,media/receipts/rcp_75917fcb.jpg,Anand Bhavan,6400.00,INR,2026-08-15,shopping,"[{""label"": ""Tip"", ""amount"": ""2002.98""}, {""label"": ""Tax"", ""amount"": ""3063.27""}, {""label"": ""Tip"", ""amount"": ""1333.75""}]",bn,clean,train,2026-08-18T10:00:00+05:30
rcp_c60917d2,media/receipts/rcp_c60917d2.jpg,City Taxi Co-op,480.00,INR,2026-04-09,accommodation,"[{""label"": ""Tip"", ""amount"": ""75.63""}, {""label"": ""Item"", ""amount"": ""83.46""}, {""label"": ""Tax"", ""amount"": ""162.11""}, {""label"": ""Item"", ""amount"": ""158.80""}]",en-IN,skewed,eval,2026-08-18T10:00:00+05:30
rcp_7e315437,media/receipts/rcp_7e315437.jpg,Spice Bazaar Stall 14,120.00,INR,2026-05-14,accommodation,"[{""label"": ""Item"", ""amount"": ""42.53""}, {""label"": ""Tip"", ""amount"": ""42.04""}, {""label"": ""Ticket"", ""amount"": ""35.43""}]",en-IN,clean,train,2026-08-18T10:00:00+05:30
rcp_08c8786d,media/receipts/rcp_08c8786d.jpg,Heritage Museum Tickets,950.00,BTN,2026-05-04,fees,"[{""label"": ""Service"", ""amount"": ""152.40""}, {""label"": ""Tip"", ""amount"": ""204.40""}, {""label"": ""Item"", ""amount"": ""282.25""}, {""label"": ""Fare"", ""amount"": ""310.95""}]",bn,clean,train,2026-08-18T10:00:00+05:30
rcp_be4e61b0,media/receipts/rcp_be4e61b0.jpg,Sea Breeze Cafe,1750.00,INR,2026-06-13,accommodation,"[{""label"": ""Tip"", ""amount"": ""1240.87""}, {""label"": ""Tax"", ""amount"": ""509.13""}]",bn,clean,train,2026-08-18T10:00:00+05:30
rcp_b831b956,media/receipts/rcp_b831b956.jpg,Blue Pottery Studio,6400.00,INR,2026-04-07,misc,"[{""label"": ""Tax"", ""amount"": ""1711.57""}, {""label"": ""Item"", ""amount"": ""678.06""}, {""label"": ""Tip"", ""amount"": ""1635.89""}, {""label"": ""Service"", ""amount"": ""2374.48""}]",ta,skewed,eval,2026-08-18T10:00:00+05:30
rcp_10342383,media/receipts/rcp_10342383.jpg,Green Leaf Restaurant,950.00,INR,2026-07-20,food,"[{""label"": ""Fare"", ""amount"": ""426.56""}, {""label"": ""Tax"", ""amount"": ""523.44""}]",ml,clean,train,2026-08-18T10:00:00+05:30
rcp_dd97a63d,media/receipts/rcp_dd97a63d.jpg,Metro Auto Stand,141.12,AED,2026-06-05,accommodation,"[{""label"": ""Service"", ""amount"": ""30.67""}, {""label"": ""Service"", ""amount"": ""58.64""}, {""label"": ""Tip"", ""amount"": ""51.81""}]",en-IN,skewed,train,2026-08-18T10:00:00+05:30
rcp_da8fd6bb,media/receipts/rcp_da8fd6bb.jpg,Spice Bazaar Stall 14,1750.00,INR,2026-06-21,misc,"[{""label"": ""Service"", ""amount"": ""500.89""}, {""label"": ""Ticket"", ""amount"": ""650.39""}, {""label"": ""Ticket"", ""amount"": ""598.72""}]",ml,clean,train,2026-08-18T10:00:00+05:30
rcp_31285419,media/receipts/rcp_31285419.jpg,Heritage Museum Tickets,260.00,INR,2026-02-25,shopping,"[{""label"": ""Item"", ""amount"": ""72.91""}, {""label"": ""Tip"", ""amount"": ""79.58""}, {""label"": ""Item"", ""amount"": ""107.51""}]",ml,crumpled,eval,2026-08-18T10:00:00+05:30
rcp_a8adbfae,media/receipts/rcp_a8adbfae.jpg,Blue Pottery Studio,3200.00,INR,2026-02-08,activities,"[{""label"": ""Tip"", ""amount"": ""621.56""}, {""label"": ""Ticket"", ""amount"": ""434.04""}, {""label"": ""Service"", ""amount"": ""668.47""}, {""label"": ""Fare"", ""amount"": ""1475.93""}]",en-IN,low_light,train,2026-08-18T10:00:00+05:30
rcp_14fc068f,media/receipts/rcp_14fc068f.jpg,Green Leaf Restaurant,3200.00,INR,2026-02-22,transport,"[{""label"": ""Tip"", ""amount"": ""3200.00""}]",ta,clean,train,2026-08-18T10:00:00+05:30
rcp_3ebcab4c,media/receipts/rcp_3ebcab4c.jpg,Anand Bhavan,950.00,INR,2026-05-25,shopping,"[{""label"": ""Tip"", ""amount"": ""950.00""}]",ta,skewed,train,2026-08-18T10:00:00+05:30
rcp_fd2722eb,media/receipts/rcp_fd2722eb.jpg,Coastal Ferry Service,77.18,AED,2026-06-09,activities,"[{""label"": ""Fare"", ""amount"": ""77.18""}]",hi,crumpled,eval,2026-08-18T10:00:00+05:30
rcp_b556d11e,media/receipts/rcp_b556d11e.jpg,Chai Point,120.00,INR,2026-02-15,misc,"[{""label"": ""Service"", ""amount"": ""55.22""}, {""label"": ""Tip"", ""amount"": ""64.78""}]",hi,crumpled,train,2026-08-18T10:00:00+05:30
rcp_e63eeeeb,media/receipts/rcp_e63eeeeb.jpg,Coastal Ferry Service,6400.00,INR,2026-02-01,transport,"[{""label"": ""Tip"", ""amount"": ""3291.87""}, {""label"": ""Ticket"", ""amount"": ""3108.13""}]",en-IN,clean,train,2026-08-18T10:00:00+05:30
rcp_41201309,media/receipts/rcp_41201309.jpg,City Taxi Co-op,260.00,INR,2026-04-01,fees,"[{""label"": ""Ticket"", ""amount"": ""260.00""}]",en-IN,skewed,train,2026-08-18T10:00:00+05:30
rcp_86e21a9c,media/receipts/rcp_86e21a9c.jpg,Hotel Kanchan,6400.00,INR,2026-05-31,fees,"[{""label"": ""Tax"", ""amount"": ""1384.63""}, {""label"": ""Service"", ""amount"": ""2278.45""}, {""label"": ""Fare"", ""amount"": ""1829.82""}, {""label"": ""Fare"", ""amount"": ""907.10""}]",hi,low_light,eval,2026-08-18T10:00:00+05:30
rcp_ba9e5177,media/receipts/rcp_ba9e5177.jpg,Green Leaf Restaurant,260.00,INR,2026-02-22,transport,"[{""label"": ""Tip"", ""amount"": ""260.00""}]",en-IN,clean,train,2026-08-18T10:00:00+05:30
rcp_e3ef8c8f,media/receipts/rcp_e3ef8c8f.jpg,Chai Point,1184.00,MVR,2026-06-24,transport,"[{""label"": ""Item"", ""amount"": ""429.08""}, {""label"": ""Service"", ""amount"": ""290.40""}, {""label"": ""Service"", ""amount"": ""158.71""}, {""label"": ""Tax"", ""amount"": ""305.81""}]",bn,crumpled,train,2026-08-18T10:00:00+05:30
rcp_d239ad83,media/receipts/rcp_d239ad83.jpg,Heritage Museum Tickets,1750.00,INR,2026-04-22,fees,"[{""label"": ""Ticket"", ""amount"": ""1750.00""}]",ta,crumpled,train,2026-08-18T10:00:00+05:30
rcp_6ff3ad85,media/receipts/rcp_6ff3ad85.jpg,Hotel Kanchan,120.00,INR,2026-03-05,shopping,"[{""label"": ""Ticket"", ""amount"": ""51.39""}, {""label"": ""Tax"", ""amount"": ""39.15""}, {""label"": ""Fare"", ""amount"": ""29.46""}]",hi,clean,eval,2026-08-18T10:00:00+05:30
rcp_10950b4c,media/receipts/rcp_10950b4c.jpg,Coastal Ferry Service,1750.00,INR,2026-08-08,fees,"[{""label"": ""Ticket"", ""amount"": ""414.36""}, {""label"": ""Tax"", ""amount"": ""540.80""}, {""label"": ""Ticket"", ""amount"": ""346.95""}, {""label"": ""Item"", ""amount"": ""447.89""}]",ml,clean,train,2026-08-18T10:00:00+05:30
rcp_dd71a54b,media/receipts/rcp_dd71a54b.jpg,Anand Bhavan,950.00,INR,2026-07-14,activities,"[{""label"": ""Item"", ""amount"": ""187.66""}, {""label"": ""Service"", ""amount"": ""537.31""}, {""label"": ""Service"", ""amount"": ""225.03""}]",ml,skewed,train,2026-08-18T10:00:00+05:30
rcp_9e81d979,media/receipts/rcp_9e81d979.jpg,Green Leaf Restaurant,120.00,INR,2026-07-24,transport,"[{""label"": ""Ticket"", ""amount"": ""33.18""}, {""label"": ""Service"", ""amount"": ""30.20""}, {""label"": ""Ticket"", ""amount"": ""22.82""}, {""label"": ""Service"", ""amount"": ""33.80""}]",hi,clean,train,2026-08-18T10:00:00+05:30
rcp_2a927510,media/receipts/rcp_2a927510.jpg,City Taxi Co-op,6400.00,INR,2026-06-28,food,"[{""label"": ""Service"", ""amount"": ""6400.00""}]",bn,low_light,eval,2026-08-18T10:00:00+05:30
rcp_494e8e42,media/receipts/rcp_494e8e42.jpg,Metro Auto Stand,3200.00,INR,2026-05-27,shopping,"[{""label"": ""Fare"", ""amount"": ""1365.45""}, {""label"": ""Tip"", ""amount"": ""1834.55""}]",hi,skewed,train,2026-08-18T10:00:00+05:30
rcp_5365c00f,media/receipts/rcp_5365c00f.jpg,Heritage Museum Tickets,260.00,INR,2026-05-15,misc,"[{""label"": ""Service"", ""amount"": ""59.85""}, {""label"": ""Item"", ""amount"": ""88.62""}, {""label"": ""Ticket"", ""amount"": ""111.53""}]",ml,low_light,train,2026-08-18T10:00:00+05:30
rcp_894eb8c5,media/receipts/rcp_894eb8c5.jpg,City Taxi Co-op,260.00,INR,2026-05-04,accommodation,"[{""label"": ""Service"", ""amount"": ""66.50""}, {""label"": ""Tip"", ""amount"": ""114.09""}, {""label"": ""Ticket"", ""amount"": ""79.41""}]",bn,skewed,train,2026-08-18T10:00:00+05:30
rcp_c976e029,media/receipts/rcp_c976e029.jpg,Metro Auto Stand,3200.00,INR,2026-04-26,transport,"[{""label"": ""Service"", ""amount"": ""3200.00""}]",en-IN,low_light,eval,2026-08-18T10:00:00+05:30
rcp_71bc6c48,media/receipts/rcp_71bc6c48.jpg,City Taxi Co-op,260.00,INR,2026-04-24,fees,"[{""label"": ""Fare"", ""amount"": ""135.70""}, {""label"": ""Item"", ""amount"": ""124.30""}]",hi,crumpled,train,2026-08-18T10:00:00+05:30
rcp_3a43789a,media/receipts/rcp_3a43789a.jpg,Blue Pottery Studio,120.00,INR,2026-03-12,accommodation,"[{""label"": ""Service"", ""amount"": ""25.62""}, {""label"": ""Tax"", ""amount"": ""57.01""}, {""label"": ""Tip"", ""amount"": ""37.37""}]",ml,clean,train,2026-08-18T10:00:00+05:30
rcp_7170e966,media/receipts/rcp_7170e966.jpg,Chai Point,103.04,SGD,2026-06-02,activities,"[{""label"": ""Tax"", ""amount"": ""31.12""}, {""label"": ""Item"", ""amount"": ""12.70""}, {""label"": ""Fare"", ""amount"": ""34.67""}, {""label"": ""Tax"", ""amount"": ""24.55""}]",en-IN,skewed,train,2026-08-18T10:00:00+05:30
rcp_93e59428,media/receipts/rcp_93e59428.jpg,City Taxi Co-op,260.00,INR,2026-07-29,fees,"[{""label"": ""Fare"", ""amount"": ""95.11""}, {""label"": ""Item"", ""amount"": ""68.45""}, {""label"": ""Service"", ""amount"": ""96.44""}]",ta,clean,eval,2026-08-18T10:00:00+05:30
rcp_9c2578b6,media/receipts/rcp_9c2578b6.jpg,Spice Bazaar Stall 14,260.00,INR,2026-08-02,misc,"[{""label"": ""Fare"", ""amount"": ""60.58""}, {""label"": ""Tax"", ""amount"": ""82.90""}, {""label"": ""Tip"", ""amount"": ""116.52""}]",ta,clean,train,2026-08-18T10:00:00+05:30
rcp_add94b2f,media/receipts/rcp_add94b2f.jpg,Chai Point,480.00,INR,2026-04-16,accommodation,"[{""label"": ""Fare"", ""amount"": ""248.09""}, {""label"": ""Tax"", ""amount"": ""142.90""}, {""label"": ""Service"", ""amount"": ""89.01""}]",ta,clean,train,2026-08-18T10:00:00+05:30
rcp_1d81fcd5,media/receipts/rcp_1d81fcd5.jpg,Metro Auto Stand,5120.00,NPR,2026-03-01,food,"[{""label"": ""Tax"", ""amount"": ""2104.74""}, {""label"": ""Item"", ""amount"": ""1090.29""}, {""label"": ""Fare"", ""amount"": ""1924.97""}]",hi,clean,train,2026-08-18T10:00:00+05:30
rcp_6b60b58c,media/receipts/rcp_6b60b58c.jpg,Spice Bazaar Stall 14,480.00,INR,2026-02-02,shopping,"[{""label"": ""Ticket"", ""amount"": ""207.70""}, {""label"": ""Tax"", ""amount"": ""272.30""}]",ta,skewed,eval,2026-08-18T10:00:00+05:30
rcp_4f7f7fee,media/receipts/rcp_4f7f7fee.jpg,Coastal Ferry Service,6400.00,INR,2026-05-24,food,"[{""label"": ""Tax"", ""amount"": ""2190.59""}, {""label"": ""Tip"", ""amount"": ""4209.41""}]",ml,clean,train,2026-08-18T10:00:00+05:30
rcp_b97e67e3,media/receipts/rcp_b97e67e3.jpg,Heritage Museum Tickets,950.00,INR,2026-04-28,shopping,"[{""label"": ""Fare"", ""amount"": ""234.08""}, {""label"": ""Item"", ""amount"": ""243.35""}, {""label"": ""Ticket"", ""amount"": ""207.02""}, {""label"": ""Item"", ""amount"": ""265.55""}]",ta,clean,train,2026-08-18T10:00:00+05:30
rcp_e4175c10,media/receipts/rcp_e4175c10.jpg,Coastal Ferry Service,1750.00,INR,2026-02-05,accommodation,"[{""label"": ""Ticket"", ""amount"": ""788.76""}, {""label"": ""Tip"", ""amount"": ""961.24""}]",bn,skewed,train,2026-08-18T10:00:00+05:30
rcp_a6446eed,media/receipts/rcp_a6446eed.jpg,Airport Duty Free,3200.00,INR,2026-05-26,food,"[{""label"": ""Ticket"", ""amount"": ""1060.46""}, {""label"": ""Ticket"", ""amount"": ""431.92""}, {""label"": ""Tip"", ""amount"": ""1261.30""}, {""label"": ""Item"", ""amount"": ""446.32""}]",hi,low_light,eval,2026-08-18T10:00:00+05:30
rcp_cc7c95ea,media/receipts/rcp_cc7c95ea.jpg,Chai Point,1750.00,INR,2026-03-19,food,"[{""label"": ""Tax"", ""amount"": ""718.90""}, {""label"": ""Tax"", ""amount"": ""1031.10""}]",bn,clean,train,2026-08-18T10:00:00+05:30
rcp_ccc4b59c,media/receipts/rcp_ccc4b59c.jpg,Green Leaf Restaurant,1750.00,INR,2026-03-08,misc,"[{""label"": ""Ticket"", ""amount"": ""1044.48""}, {""label"": ""Fare"", ""amount"": ""705.52""}]",bn,clean,train,2026-08-18T10:00:00+05:30
rcp_68cdf508,media/receipts/rcp_68cdf508.jpg,Metro Auto Stand,6400.00,INR,2026-04-18,fees,"[{""label"": ""Ticket"", ""amount"": ""1600.14""}, {""label"": ""Fare"", ""amount"": ""1101.43""}, {""label"": ""Tip"", ""amount"": ""1367.23""}, {""label"": ""Fare"", ""amount"": ""2331.20""}]",ta,clean,train,2026-08-18T10:00:00+05:30
rcp_da7ee87f,media/receipts/rcp_da7ee87f.jpg,Metro Auto Stand,6400.00,INR,2026-05-15,activities,"[{""label"": ""Service"", ""amount"": ""3273.62""}, {""label"": ""Fare"", ""amount"": ""3126.38""}]",en-IN,low_light,eval,2026-08-18T10:00:00+05:30
rcp_1f68243b,media/receipts/rcp_1f68243b.jpg,Blue Pottery Studio,3200.00,INR,2026-07-30,accommodation,"[{""label"": ""Ticket"", ""amount"": ""1210.46""}, {""label"": ""Fare"", ""amount"": ""514.54""}, {""label"": ""Service"", ""amount"": ""1475.00""}]",bn,low_light,train,2026-08-18T10:00:00+05:30
rcp_980df5ec,media/receipts/rcp_980df5ec.jpg,Blue Pottery Studio,1750.00,INR,2026-04-04,transport,"[{""label"": ""Item"", ""amount"": ""454.71""}, {""label"": ""Ticket"", ""amount"": ""186.07""}, {""label"": ""Item"", ""amount"": ""484.88""}, {""label"": ""Service"", ""amount"": ""624.34""}]",hi,skewed,train,2026-08-18T10:00:00+05:30
rcp_3350ebac,media/receipts/rcp_3350ebac.jpg,Anand Bhavan,923.00,LKR,2026-05-03,activities,"[{""label"": ""Fare"", ""amount"": ""312.78""}, {""label"": ""Fare"", ""amount"": ""372.49""}, {""label"": ""Ticket"", ""amount"": ""237.73""}]",ta,clean,train,2026-08-18T10:00:00+05:30
rcp_6a6bbf47,media/receipts/rcp_6a6bbf47.jpg,Sea Breeze Cafe,1750.00,INR,2026-02-14,shopping,"[{""label"": ""Tip"", ""amount"": ""1107.89""}, {""label"": ""Fare"", ""amount"": ""642.11""}]",ta,crumpled,eval,2026-08-18T10:00:00+05:30
rcp_5ec9a491,media/receipts/rcp_5ec9a491.jpg,Chai Point,6400.00,INR,2026-06-29,shopping,"[{""label"": ""Tax"", ""amount"": ""3089.75""}, {""label"": ""Tax"", ""amount"": ""2336.10""}, {""label"": ""Tip"", ""amount"": ""974.15""}]",hi,skewed,train,2026-08-18T10:00:00+05:30
rcp_f699588d,media/receipts/rcp_f699588d.jpg,Spice Bazaar Stall 14,1750.00,INR,2026-03-16,fees,"[{""label"": ""Ticket"", ""amount"": ""913.80""}, {""label"": ""Tax"", ""amount"": ""836.20""}]",ta,low_light,train,2026-08-18T10:00:00+05:30
rcp_a97b6555,media/receipts/rcp_a97b6555.jpg,Heritage Museum Tickets,480.00,INR,2026-07-21,misc,"[{""label"": ""Item"", ""amount"": ""277.31""}, {""label"": ""Tax"", ""amount"": ""202.69""}]",ta,skewed,train,2026-08-18T10:00:00+05:30
rcp_7838979e,media/receipts/rcp_7838979e.jpg,Green Leaf Restaurant,120.00,INR,2026-07-25,misc,"[{""label"": ""Fare"", ""amount"": ""75.58""}, {""label"": ""Tip"", ""amount"": ""44.42""}]",ta,clean,eval,2026-08-18T10:00:00+05:30
rcp_7089b586,media/receipts/rcp_7089b586.jpg,Sea Breeze Cafe,13.96,MYR,2026-02-12,food,"[{""label"": ""Fare"", ""amount"": ""1.88""}, {""label"": ""Item"", ""amount"": ""2.01""}, {""label"": ""Tip"", ""amount"": ""4.75""}, {""label"": ""Ticket"", ""amount"": ""5.32""}]",bn,clean,train,2026-08-18T10:00:00+05:30
rcp_dc637249,media/receipts/rcp_dc637249.jpg,Coastal Ferry Service,260.00,INR,2026-05-15,accommodation,"[{""label"": ""Fare"", ""amount"": ""67.98""}, {""label"": ""Item"", ""amount"": ""85.76""}, {""label"": ""Tip"", ""amount"": ""106.26""}]",bn,clean,train,2026-08-18T10:00:00+05:30
rcp_a2dee529,media/receipts/rcp_a2dee529.jpg,Heritage Museum Tickets,341250.00,IDR,2026-08-02,transport,"[{""label"": ""Service"", ""amount"": ""87902.18""}, {""label"": ""Ticket"", ""amount"": ""184577.31""}, {""label"": ""Fare"", ""amount"": ""68770.51""}]",en-IN,low_light,train,2026-08-18T10:00:00+05:30
rcp_134b5623,media/receipts/rcp_134b5623.jpg,City Taxi Co-op,88.80,MVR,2026-04-02,fees,"[{""label"": ""Service"", ""amount"": ""88.80""}]",ml,clean,eval,2026-08-18T10:00:00+05:30
rcp_c4d4feda,media/receipts/rcp_c4d4feda.jpg,Heritage Museum Tickets,3200.00,INR,2026-07-30,food,"[{""label"": ""Tip"", ""amount"": ""2126.30""}, {""label"": ""Item"", ""amount"": ""1073.70""}]",bn,clean,train,2026-08-18T10:00:00+05:30
rcp_e47f0232,media/receipts/rcp_e47f0232.jpg,Metro Auto Stand,6400.00,INR,2026-04-16,misc,"[{""label"": ""Item"", ""amount"": ""1785.24""}, {""label"": ""Tax"", ""amount"": ""2548.76""}, {""label"": ""Ticket"", ""amount"": ""965.76""}, {""label"": ""Service"", ""amount"": ""1100.24""}]",hi,skewed,train,2026-08-18T10:00:00+05:30
rcp_7e477c0b,media/receipts/rcp_7e477c0b.jpg,Sea Breeze Cafe,260.00,INR,2026-04-01,shopping,"[{""label"": ""Service"", ""amount"": ""47.80""}, {""label"": ""Item"", ""amount"": ""88.09""}, {""label"": ""Service"", ""amount"": ""83.76""}, {""label"": ""Service"", ""amount"": ""40.35""}]",ta,clean,train,2026-08-18T10:00:00+05:30
rcp_1aa0b0f8,media/receipts/rcp_1aa0b0f8.jpg,Chai Point,950.00,INR,2026-08-16,activities,"[{""label"": ""Fare"", ""amount"": ""234.28""}, {""label"": ""Tax"", ""amount"": ""417.93""}, {""label"": ""Tip"", ""amount"": ""297.79""}]",ta,skewed,eval,2026-08-18T10:00:00+05:30
rcp_5251589b,media/receipts/rcp_5251589b.jpg,Green Leaf Restaurant,120.00,INR,2026-04-20,transport,"[{""label"": ""Fare"", ""amount"": ""13.92""}, {""label"": ""Item"", ""amount"": ""32.32""}, {""label"": ""Tax"", ""amount"": ""49.41""}, {""label"": ""Ticket"", ""amount"": ""24.35""}]",ta,clean,train,2026-08-18T10:00:00+05:30
rcp_24ea2be7,media/receipts/rcp_24ea2be7.jpg,Coastal Ferry Service,7.73,SGD,2026-04-10,shopping,"[{""label"": ""Fare"", ""amount"": ""3.34""}, {""label"": ""Fare"", ""amount"": ""4.39""}]",en-IN,clean,train,2026-08-18T10:00:00+05:30
rcp_a8e6f11a,media/receipts/rcp_a8e6f11a.jpg,Airport Duty Free,260.00,INR,2026-05-22,accommodation,"[{""label"": ""Tax"", ""amount"": ""105.91""}, {""label"": ""Tax"", ""amount"": ""95.89""}, {""label"": ""Item"", ""amount"": ""58.20""}]",ml,clean,train,2026-08-18T10:00:00+05:30
rcp_9cd3572c,media/receipts/rcp_9cd3572c.jpg,Heritage Museum Tickets,3200.00,INR,2026-06-11,food,"[{""label"": ""Ticket"", ""amount"": ""1505.34""}, {""label"": ""Ticket"", ""amount"": ""1694.66""}]",ta,clean,eval,2026-08-18T10:00:00+05:30
rcp_16ede51e,media/receipts/rcp_16ede51e.jpg,Green Leaf Restaurant,480.00,INR,2026-03-28,fees,"[{""label"": ""Item"", ""amount"": ""480.00""}]",hi,skewed,train,2026-08-18T10:00:00+05:30
rcp_cdef814c,media/receipts/rcp_cdef814c.jpg,City Taxi Co-op,6400.00,INR,2026-02-04,food,"[{""label"": ""Tip"", ""amount"": ""6400.00""}]",bn,crumpled,train,2026-08-18T10:00:00+05:30
rcp_a499f97d,media/receipts/rcp_a499f97d.jpg,Hotel Kanchan,950.00,INR,2026-04-10,misc,"[{""label"": ""Ticket"", ""amount"": ""562.70""}, {""label"": ""Fare"", ""amount"": ""387.30""}]",bn,clean,train,2026-08-18T10:00:00+05:30
rcp_d4a422e1,media/receipts/rcp_d4a422e1.jpg,Coastal Ferry Service,120.00,INR,2026-07-24,fees,"[{""label"": ""Tax"", ""amount"": ""33.42""}, {""label"": ""Tip"", ""amount"": ""86.58""}]",en-IN,skewed,eval,2026-08-18T10:00:00+05:30
rcp_3fa19b38,media/receipts/rcp_3fa19b38.jpg,Heritage Museum Tickets,260.00,INR,2026-04-26,transport,"[{""label"": ""Ticket"", ""amount"": ""43.11""}, {""label"": ""Fare"", ""amount"": ""36.42""}, {""label"": ""Tax"", ""amount"": ""94.81""}, {""label"": ""Fare"", ""amount"": ""85.66""}]",hi,skewed,train,2026-08-18T10:00:00+05:30
rcp_75de5587,media/receipts/rcp_75de5587.jpg,City Taxi Co-op,6400.00,INR,2026-05-28,transport,"[{""label"": ""Ticket"", ""amount"": ""6400.00""}]",ta,clean,train,2026-08-18T10:00:00+05:30
rcp_f2113953,media/receipts/rcp_f2113953.jpg,Sea Breeze Cafe,1750.00,INR,2026-07-10,shopping,"[{""label"": ""Tip"", ""amount"": ""514.32""}, {""label"": ""Item"", ""amount"": ""462.16""}, {""label"": ""Tax"", ""amount"": ""446.30""}, {""label"": ""Tax"", ""amount"": ""327.22""}]",hi,clean,train,2026-08-18T10:00:00+05:30
rcp_689c46ff,media/receipts/rcp_689c46ff.jpg,Green Leaf Restaurant,343.68,MYR,2026-03-26,accommodation,"[{""label"": ""Item"", ""amount"": ""343.68""}]",en-IN,clean,eval,2026-08-18T10:00:00+05:30
rcp_ca2fcee3,media/receipts/rcp_ca2fcee3.jpg,Blue Pottery Studio,175.75,MVR,2026-07-25,shopping,"[{""label"": ""Tax"", ""amount"": ""175.75""}]",hi,clean,train,2026-08-18T10:00:00+05:30
rcp_7c0bedce,media/receipts/rcp_7c0bedce.jpg,Metro Auto Stand,120.00,INR,2026-02-28,fees,"[{""label"": ""Fare"", ""amount"": ""120.00""}]",ta,low_light,train,2026-08-18T10:00:00+05:30
rcp_a68c0caf,media/receipts/rcp_a68c0caf.jpg,City Taxi Co-op,480.00,INR,2026-06-20,misc,"[{""label"": ""Tip"", ""amount"": ""96.87""}, {""label"": ""Item"", ""amount"": ""87.09""}, {""label"": ""Service"", ""amount"": ""188.84""}, {""label"": ""Tip"", ""amount"": ""107.20""}]",ml,skewed,train,2026-08-18T10:00:00+05:30
rcp_c1afbb6f,media/receipts/rcp_c1afbb6f.jpg,Coastal Ferry Service,260.00,INR,2026-06-10,fees,"[{""label"": ""Tip"", ""amount"": ""50.67""}, {""label"": ""Tip"", ""amount"": ""35.97""}, {""label"": ""Fare"", ""amount"": ""89.97""}, {""label"": ""Fare"", ""amount"": ""83.39""}]",hi,skewed,eval,2026-08-18T10:00:00+05:30
rcp_5b7aea54,media/receipts/rcp_5b7aea54.jpg,Sea Breeze Cafe,480.00,INR,2026-07-07,activities,"[{""label"": ""Fare"", ""amount"": ""222.98""}, {""label"": ""Fare"", ""amount"": ""257.02""}]",hi,low_light,train,2026-08-18T10:00:00+05:30
rcp_9847a1c2,media/receipts/rcp_9847a1c2.jpg,City Taxi Co-op,3200.00,INR,2026-06-30,transport,"[{""label"": ""Ticket"", ""amount"": ""1187.52""}, {""label"": ""Tip"", ""amount"": ""1020.97""}, {""label"": ""Ticket"", ""amount"": ""360.64""}, {""label"": ""Item"", ""amount"": ""630.87""}]",ml,clean,train,2026-08-18T10:00:00+05:30
rcp_67d4babc,media/receipts/rcp_67d4babc.jpg,Chai Point,77.18,AED,2026-08-03,misc,"[{""label"": ""Service"", ""amount"": ""30.10""}, {""label"": ""Tip"", ""amount"": ""24.90""}, {""label"": ""Tip"", ""amount"": ""22.18""}]",hi,skewed,train,2026-08-18T10:00:00+05:30
rcp_0fe36cb1,media/receipts/rcp_0fe36cb1.jpg,Airport Duty Free,120.00,INR,2026-08-10,fees,"[{""label"": ""Tip"", ""amount"": ""120.00""}]",bn,clean,eval,2026-08-18T10:00:00+05:30
rcp_f73c54e4,media/receipts/rcp_f73c54e4.jpg,Sea Breeze Cafe,3200.00,INR,2026-02-11,food,"[{""label"": ""Ticket"", ""amount"": ""1328.23""}, {""label"": ""Service"", ""amount"": ""989.85""}, {""label"": ""Item"", ""amount"": ""881.92""}]",en-IN,clean,train,2026-08-18T10:00:00+05:30
rcp_83d12cb1,media/receipts/rcp_83d12cb1.jpg,Anand Bhavan,480.00,INR,2026-06-10,accommodation,"[{""label"": ""Tax"", ""amount"": ""480.00""}]",bn,low_light,train,2026-08-18T10:00:00+05:30
rcp_fe2ba44a,media/receipts/rcp_fe2ba44a.jpg,Green Leaf Restaurant,873.60,JPY,2026-08-04,shopping,"[{""label"": ""Ticket"", ""amount"": ""397.58""}, {""label"": ""Tip"", ""amount"": ""213.20""}, {""label"": ""Service"", ""amount"": ""262.82""}]",ta,clean,train,2026-08-18T10:00:00+05:30
rcp_f5b90377,media/receipts/rcp_f5b90377.jpg,Airport Duty Free,480.00,INR,2026-07-23,fees,"[{""label"": ""Service"", ""amount"": ""480.00""}]",ta,crumpled,eval,2026-08-18T10:00:00+05:30
rcp_9821df4b,media/receipts/rcp_9821df4b.jpg,Blue Pottery Studio,141.12,AED,2026-02-19,food,"[{""label"": ""Service"", ""amount"": ""52.44""}, {""label"": ""Tax"", ""amount"": ""55.56""}, {""label"": ""Item"", ""amount"": ""33.12""}]",hi,clean,train,2026-08-18T10:00:00+05:30
rcp_d9b812e4,media/receipts/rcp_d9b812e4.jpg,Airport Duty Free,480.00,INR,2026-08-05,activities,"[{""label"": ""Service"", ""amount"": ""170.97""}, {""label"": ""Item"", ""amount"": ""223.83""}, {""label"": ""Tip"", ""amount"": ""85.20""}]",ta,clean,train,2026-08-18T10:00:00+05:30
rcp_9bd1efeb,media/receipts/rcp_9bd1efeb.jpg,Airport Duty Free,120.00,INR,2026-04-04,transport,"[{""label"": ""Item"", ""amount"": ""120.00""}]",en-IN,clean,train,2026-08-18T10:00:00+05:30
rcp_c9552ac2,media/receipts/rcp_c9552ac2.jpg,Spice Bazaar Stall 14,480.00,INR,2026-03-09,food,"[{""label"": ""Tax"", ""amount"": ""68.44""}, {""label"": ""Fare"", ""amount"": ""217.06""}, {""label"": ""Ticket"", ""amount"": ""120.33""}, {""label"": ""Item"", ""amount"": ""74.17""}]",en-IN,low_light,eval,2026-08-18T10:00:00+05:30
rcp_b14c5eeb,media/receipts/rcp_b14c5eeb.jpg,Blue Pottery Studio,260.00,INR,2026-05-20,fees,"[{""label"": ""Tip"", ""amount"": ""81.58""}, {""label"": ""Tip"", ""amount"": ""96.54""}, {""label"": ""Tip"", ""amount"": ""81.88""}]",bn,clean,train,2026-08-18T10:00:00+05:30
rcp_ed949b5a,media/receipts/rcp_ed949b5a.jpg,Sea Breeze Cafe,6400.00,BTN,2026-03-31,fees,"[{""label"": ""Fare"", ""amount"": ""3484.83""}, {""label"": ""Item"", ""amount"": ""2915.17""}]",bn,crumpled,train,2026-08-18T10:00:00+05:30
rcp_6e8e02e7,media/receipts/rcp_6e8e02e7.jpg,Anand Bhavan,282.24,AED,2026-03-22,misc,"[{""label"": ""Tax"", ""amount"": ""139.26""}, {""label"": ""Tax"", ""amount"": ""142.98""}]",en-IN,skewed,train,2026-08-18T10:00:00+05:30
rcp_61ae1453,media/receipts/rcp_61ae1453.jpg,Airport Duty Free,260.00,INR,2026-05-18,shopping,"[{""label"": ""Service"", ""amount"": ""61.78""}, {""label"": ""Ticket"", ""amount"": ""135.16""}, {""label"": ""Fare"", ""amount"": ""63.06""}]",hi,clean,eval,2026-08-18T10:00:00+05:30
rcp_ae343b19,media/receipts/rcp_ae343b19.jpg,Metro Auto Stand,480.00,INR,2026-03-17,activities,"[{""label"": ""Fare"", ""amount"": ""302.20""}, {""label"": ""Tax"", ""amount"": ""177.80""}]",hi,clean,train,2026-08-18T10:00:00+05:30
rcp_0ecf6a9e,media/receipts/rcp_0ecf6a9e.jpg,Chai Point,6400.00,INR,2026-03-12,activities,"[{""label"": ""Item"", ""amount"": ""3981.25""}, {""label"": ""Tax"", ""amount"": ""2418.75""}]",bn,low_light,train,2026-08-18T10:00:00+05:30
rcp_3583407b,media/receipts/rcp_3583407b.jpg,Blue Pottery Studio,51.02,MYR,2026-03-15,shopping,"[{""label"": ""Ticket"", ""amount"": ""51.02""}]",bn,low_light,train,2026-08-18T10:00:00+05:30
rcp_f8742195,media/receipts/rcp_f8742195.jpg,Airport Duty Free,1750.00,INR,2026-03-11,food,"[{""label"": ""Tip"", ""amount"": ""1750.00""}]",ta,clean,eval,2026-08-18T10:00:00+05:30
rcp_b6d0dbf7,media/receipts/rcp_b6d0dbf7.jpg,Chai Point,6212.50,LKR,2026-06-06,transport,"[{""label"": ""Tip"", ""amount"": ""1256.23""}, {""label"": ""Item"", ""amount"": ""1711.38""}, {""label"": ""Item"", ""amount"": ""1295.97""}, {""label"": ""Tip"", ""amount"": ""1948.92""}]",bn,clean,train,2026-08-18T10:00:00+05:30
rcp_82334645,media/receipts/rcp_82334645.jpg,Heritage Museum Tickets,6400.00,INR,2026-06-09,misc,"[{""label"": ""Tip"", ""amount"": ""3069.38""}, {""label"": ""Item"", ""amount"": ""881.85""}, {""label"": ""Ticket"", ""amount"": ""2448.77""}]",bn,crumpled,train,2026-08-18T10:00:00+05:30
rcp_57d67ba1,media/receipts/rcp_57d67ba1.jpg,Chai Point,950.00,INR,2026-07-10,food,"[{""label"": ""Fare"", ""amount"": ""950.00""}]",ta,low_light,train,2026-08-18T10:00:00+05:30
rcp_5fe86b2c,media/receipts/rcp_5fe86b2c.jpg,Sea Breeze Cafe,120.00,INR,2026-03-09,fees,"[{""label"": ""Item"", ""amount"": ""47.90""}, {""label"": ""Item"", ""amount"": ""72.10""}]",bn,skewed,eval,2026-08-18T10:00:00+05:30
rcp_26ddfa68,media/receipts/rcp_26ddfa68.jpg,Anand Bhavan,1750.00,INR,2026-07-30,accommodation,"[{""label"": ""Ticket"", ""amount"": ""1750.00""}]",ml,low_light,train,2026-08-18T10:00:00+05:30
rcp_bc657be6,media/receipts/rcp_bc657be6.jpg,Hotel Kanchan,1750.00,INR,2026-03-23,food,"[{""label"": ""Tip"", ""amount"": ""1750.00""}]",en-IN,clean,train,2026-08-18T10:00:00+05:30
rcp_e7b9d4d2,media/receipts/rcp_e7b9d4d2.jpg,Chai Point,260.00,INR,2026-06-06,accommodation,"[{""label"": ""Service"", ""amount"": ""260.00""}]",ml,clean,train,2026-08-18T10:00:00+05:30
rcp_55618448,media/receipts/rcp_55618448.jpg,Anand Bhavan,6400.00,INR,2026-04-15,fees,"[{""label"": ""Fare"", ""amount"": ""6400.00""}]",ml,clean,eval,2026-08-18T10:00:00+05:30
rcp_f1411ec4,media/receipts/rcp_f1411ec4.jpg,City Taxi Co-op,3200.00,INR,2026-03-14,shopping,"[{""label"": ""Fare"", ""amount"": ""3200.00""}]",ml,low_light,train,2026-08-18T10:00:00+05:30
rcp_32f4826f,media/receipts/rcp_32f4826f.jpg,Metro Auto Stand,3200.00,INR,2026-03-14,transport,"[{""label"": ""Tip"", ""amount"": ""1101.60""}, {""label"": ""Service"", ""amount"": ""1152.30""}, {""label"": ""Tip"", ""amount"": ""946.10""}]",ml,clean,train,2026-08-18T10:00:00+05:30
rcp_aa0b9db9,media/receipts/rcp_aa0b9db9.jpg,City Taxi Co-op,41.90,AED,2026-06-24,food,"[{""label"": ""Service"", ""amount"": ""12.30""}, {""label"": ""Fare"", ""amount"": ""14.72""}, {""label"": ""Tax"", ""amount"": ""6.20""}, {""label"": ""Tip"", ""amount"": ""8.68""}]",bn,clean,train,2026-08-18T10:00:00+05:30
rcp_2bdbb647,media/receipts/rcp_2bdbb647.jpg,Airport Duty Free,120.00,INR,2026-07-20,shopping,"[{""label"": ""Item"", ""amount"": ""45.62""}, {""label"": ""Item"", ""amount"": ""23.54""}, {""label"": ""Tax"", ""amount"": ""32.85""}, {""label"": ""Service"", ""amount"": ""17.99""}]",en-IN,low_light,eval,2026-08-18T10:00:00+05:30
rcp_0007f0f9,media/receipts/rcp_0007f0f9.jpg,City Taxi Co-op,33.60,CHF,2026-08-11,activities,"[{""label"": ""Service"", ""amount"": ""5.83""}, {""label"": ""Fare"", ""amount"": ""7.40""}, {""label"": ""Fare"", ""amount"": ""15.05""}, {""label"": ""Service"", ""amount"": ""5.32""}]",hi,low_light,train,2026-08-18T10:00:00+05:30
rcp_0cd83b22,media/receipts/rcp_0cd83b22.jpg,Airport Duty Free,1347.20,THB,2026-04-24,misc,"[{""label"": ""Tax"", ""amount"": ""205.50""}, {""label"": ""Item"", ""amount"": ""366.84""}, {""label"": ""Tax"", ""amount"": ""446.69""}, {""label"": ""Item"", ""amount"": ""328.17""}]",hi,clean,train,2026-08-18T10:00:00+05:30
rcp_faa6c40d,media/receipts/rcp_faa6c40d.jpg,Metro Auto Stand,1750.00,INR,2026-03-14,shopping,"[{""label"": ""Ticket"", ""amount"": ""555.85""}, {""label"": ""Ticket"", ""amount"": ""617.45""}, {""label"": ""Item"", ""amount"": ""576.70""}]",en-IN,clean,train,2026-08-18T10:00:00+05:30
rcp_6c5cddc0,media/receipts/rcp_6c5cddc0.jpg,Blue Pottery Studio,260.00,INR,2026-05-16,transport,"[{""label"": ""Service"", ""amount"": ""260.00""}]",ml,low_light,eval,2026-08-18T10:00:00+05:30
rcp_61ff0f4e,media/receipts/rcp_61ff0f4e.jpg,City Taxi Co-op,768.00,NPR,2026-06-06,fees,"[{""label"": ""Item"", ""amount"": ""188.85""}, {""label"": ""Ticket"", ""amount"": ""201.47""}, {""label"": ""Tax"", ""amount"": ""377.68""}]",en-IN,low_light,train,2026-08-18T10:00:00+05:30
rcp_17073bee,media/receipts/rcp_17073bee.jpg,Coastal Ferry Service,416.00,NPR,2026-08-11,food,"[{""label"": ""Fare"", ""amount"": ""165.66""}, {""label"": ""Ticket"", ""amount"": ""135.61""}, {""label"": ""Service"", ""amount"": ""114.73""}]",ml,clean,train,2026-08-18T10:00:00+05:30
rcp_f7c820bc,media/receipts/rcp_f7c820bc.jpg,Sea Breeze Cafe,1704.00,LKR,2026-04-02,food,"[{""label"": ""Ticket"", ""amount"": ""863.57""}, {""label"": ""Service"", ""amount"": ""333.76""}, {""label"": ""Tip"", ""amount"": ""506.67""}]",bn,skewed,train,2026-08-18T10:00:00+05:30
rcp_e647b7ca,media/receipts/rcp_e647b7ca.jpg,Heritage Museum Tickets,6400.00,INR,2026-03-12,fees,"[{""label"": ""Fare"", ""amount"": ""1131.93""}, {""label"": ""Fare"", ""amount"": ""2388.71""}, {""label"": ""Fare"", ""amount"": ""1356.83""}, {""label"": ""Tip"", ""amount"": ""1522.53""}]",ta,skewed,eval,2026-08-18T10:00:00+05:30
rcp_082c028a,media/receipts/rcp_082c028a.jpg,Hotel Kanchan,3200.00,INR,2026-08-16,accommodation,"[{""label"": ""Ticket"", ""amount"": ""3200.00""}]",bn,clean,train,2026-08-18T10:00:00+05:30
rcp_62e9a33f,media/receipts/rcp_62e9a33f.jpg,Anand Bhavan,6400.00,INR,2026-08-01,activities,"[{""label"": ""Item"", ""amount"": ""6400.00""}]",ml,crumpled,train,2026-08-18T10:00:00+05:30
rcp_b63826be,media/receipts/rcp_b63826be.jpg,Heritage Museum Tickets,480.00,INR,2026-06-26,accommodation,"[{""label"": ""Item"", ""amount"": ""480.00""}]",hi,clean,train,2026-08-18T10:00:00+05:30
rcp_7077f8df,media/receipts/rcp_7077f8df.jpg,Heritage Museum Tickets,950.00,INR,2026-06-19,fees,"[{""label"": ""Item"", ""amount"": ""365.55""}, {""label"": ""Service"", ""amount"": ""163.87""}, {""label"": ""Tax"", ""amount"": ""420.58""}]",ml,clean,eval,2026-08-18T10:00:00+05:30
rcp_473ef2ee,media/receipts/rcp_473ef2ee.jpg,Spice Bazaar Stall 14,120.00,INR,2026-02-21,activities,"[{""label"": ""Item"", ""amount"": ""120.00""}]",ta,clean,train,2026-08-18T10:00:00+05:30
rcp_1a35b354,media/receipts/rcp_1a35b354.jpg,Anand Bhavan,950.00,INR,2026-02-06,activities,"[{""label"": ""Tip"", ""amount"": ""296.44""}, {""label"": ""Ticket"", ""amount"": ""291.86""}, {""label"": ""Tip"", ""amount"": ""222.21""}, {""label"": ""Service"", ""amount"": ""139.49""}]",bn,skewed,train,2026-08-18T10:00:00+05:30
rcp_62a5ecee,media/receipts/rcp_62a5ecee.jpg,Hotel Kanchan,120.00,INR,2026-06-01,shopping,"[{""label"": ""Item"", ""amount"": ""120.00""}]",bn,clean,train,2026-08-18T10:00:00+05:30
rcp_fd7f5993,media/receipts/rcp_fd7f5993.jpg,Heritage Museum Tickets,120.00,INR,2026-07-21,transport,"[{""label"": ""Tip"", ""amount"": ""50.77""}, {""label"": ""Tip"", ""amount"": ""69.23""}]",hi,clean,eval,2026-08-18T10:00:00+05:30
rcp_901c787b,media/receipts/rcp_901c787b.jpg,Coastal Ferry Service,260.00,INR,2026-05-23,transport,"[{""label"": ""Tip"", ""amount"": ""260.00""}]",en-IN,low_light,train,2026-08-18T10:00:00+05:30
rcp_3cac71c4,media/receipts/rcp_3cac71c4.jpg,Green Leaf Restaurant,6400.00,INR,2026-08-12,fees,"[{""label"": ""Tip"", ""amount"": ""6400.00""}]",ml,low_light,train,2026-08-18T10:00:00+05:30
rcp_fa348ca1,media/receipts/rcp_fa348ca1.jpg,Chai Point,120.00,INR,2026-04-28,misc,"[{""label"": ""Fare"", ""amount"": ""120.00""}]",ml,clean,train,2026-08-18T10:00:00+05:30
rcp_0e6a1b08,media/receipts/rcp_0e6a1b08.jpg,Heritage Museum Tickets,33.60,CHF,2026-04-12,accommodation,"[{""label"": ""Tax"", ""amount"": ""7.94""}, {""label"": ""Item"", ""amount"": ""4.47""}, {""label"": ""Item"", ""amount"": ""12.62""}, {""label"": ""Fare"", ""amount"": ""8.57""}]",en-IN,clean,eval,2026-08-18T10:00:00+05:30
rcp_02456639,media/receipts/rcp_02456639.jpg,Chai Point,480.00,INR,2026-07-13,food,"[{""label"": ""Service"", ""amount"": ""98.14""}, {""label"": ""Tip"", ""amount"": ""173.10""}, {""label"": ""Tax"", ""amount"": ""125.51""}, {""label"": ""Ticket"", ""amount"": ""83.25""}]",en-IN,clean,train,2026-08-18T10:00:00+05:30
rcp_ae5daf0a,media/receipts/rcp_ae5daf0a.jpg,Green Leaf Restaurant,480.00,INR,2026-04-04,accommodation,"[{""label"": ""Fare"", ""amount"": ""181.84""}, {""label"": ""Service"", ""amount"": ""168.01""}, {""label"": ""Tip"", ""amount"": ""130.15""}]",ta,clean,train,2026-08-18T10:00:00+05:30
rcp_7a1a1699,media/receipts/rcp_7a1a1699.jpg,Green Leaf Restaurant,6400.00,INR,2026-07-07,food,"[{""label"": ""Item"", ""amount"": ""6400.00""}]",en-IN,skewed,train,2026-08-18T10:00:00+05:30
rcp_0bfff42c,media/receipts/rcp_0bfff42c.jpg,Spice Bazaar Stall 14,260.00,INR,2026-06-09,accommodation,"[{""label"": ""Service"", ""amount"": ""33.50""}, {""label"": ""Item"", ""amount"": ""70.13""}, {""label"": ""Fare"", ""amount"": ""71.72""}, {""label"": ""Fare"", ""amount"": ""84.65""}]",bn,clean,eval,2026-08-18T10:00:00+05:30
rcp_2985fdb8,media/receipts/rcp_2985fdb8.jpg,Hotel Kanchan,343.68,MYR,2026-06-26,misc,"[{""label"": ""Ticket"", ""amount"": ""153.88""}, {""label"": ""Item"", ""amount"": ""189.80""}]",en-IN,clean,train,2026-08-18T10:00:00+05:30
rcp_c685c1bf,media/receipts/rcp_c685c1bf.jpg,Chai Point,120.00,BTN,2026-07-25,fees,"[{""label"": ""Service"", ""amount"": ""71.02""}, {""label"": ""Tip"", ""amount"": ""48.98""}]",hi,clean,train,2026-08-18T10:00:00+05:30
rcp_181b9fad,media/receipts/rcp_181b9fad.jpg,Green Leaf Restaurant,260.00,INR,2026-07-10,fees,"[{""label"": ""Tip"", ""amount"": ""82.32""}, {""label"": ""Tax"", ""amount"": ""100.79""}, {""label"": ""Ticket"", ""amount"": ""76.89""}]",ml,clean,train,2026-08-18T10:00:00+05:30
rcp_1dac8363,media/receipts/rcp_1dac8363.jpg,Blue Pottery Studio,3200.00,INR,2026-04-02,accommodation,"[{""label"": ""Tip"", ""amount"": ""2111.99""}, {""label"": ""Tip"", ""amount"": ""1088.01""}]",en-IN,skewed,eval,2026-08-18T10:00:00+05:30
rcp_00ee7765,media/receipts/rcp_00ee7765.jpg,Anand Bhavan,1347.20,THB,2026-05-19,food,"[{""label"": ""Item"", ""amount"": ""426.74""}, {""label"": ""Tax"", ""amount"": ""573.65""}, {""label"": ""Ticket"", ""amount"": ""346.81""}]",hi,clean,train,2026-08-18T10:00:00+05:30
rcp_a7890a85,media/receipts/rcp_a7890a85.jpg,Anand Bhavan,120.00,INR,2026-02-06,transport,"[{""label"": ""Tax"", ""amount"": ""120.00""}]",ml,clean,train,2026-08-18T10:00:00+05:30
rcp_ee8d7b71,media/receipts/rcp_ee8d7b71.jpg,Hotel Kanchan,6400.00,INR,2026-03-11,accommodation,"[{""label"": ""Item"", ""amount"": ""6400.00""}]",en-IN,clean,train,2026-08-18T10:00:00+05:30
rcp_9f94eb8a,media/receipts/rcp_9f94eb8a.jpg,City Taxi Co-op,3200.00,INR,2026-07-25,shopping,"[{""label"": ""Tax"", ""amount"": ""589.68""}, {""label"": ""Tip"", ""amount"": ""1245.67""}, {""label"": ""Tip"", ""amount"": ""1364.65""}]",bn,skewed,eval,2026-08-18T10:00:00+05:30
rcp_1a702361,media/receipts/rcp_1a702361.jpg,Green Leaf Restaurant,6400.00,INR,2026-05-11,shopping,"[{""label"": ""Tax"", ""amount"": ""6400.00""}]",ml,clean,train,2026-08-18T10:00:00+05:30
rcp_355a8b83,media/receipts/rcp_355a8b83.jpg,Hotel Kanchan,768.00,NPR,2026-03-30,fees,"[{""label"": ""Item"", ""amount"": ""768.00""}]",en-IN,low_light,train,2026-08-18T10:00:00+05:30
rcp_97e10995,media/receipts/rcp_97e10995.jpg,Hotel Kanchan,480.00,INR,2026-06-21,shopping,"[{""label"": ""Tip"", ""amount"": ""113.51""}, {""label"": ""Service"", ""amount"": ""96.43""}, {""label"": ""Item"", ""amount"": ""150.61""}, {""label"": ""Tip"", ""amount"": ""119.45""}]",en-IN,low_light,train,2026-08-18T10:00:00+05:30
rcp_24fe3bca,media/receipts/rcp_24fe3bca.jpg,Anand Bhavan,950.00,INR,2026-06-30,activities,"[{""label"": ""Fare"", ""amount"": ""950.00""}]",ml,skewed,eval,2026-08-18T10:00:00+05:30
rcp_819ce564,media/receipts/rcp_819ce564.jpg,Sea Breeze Cafe,6400.00,INR,2026-04-22,misc,"[{""label"": ""Tip"", ""amount"": ""1764.43""}, {""label"": ""Ticket"", ""amount"": ""1489.71""}, {""label"": ""Fare"", ""amount"": ""1548.27""}, {""label"": ""Tax"", ""amount"": ""1597.59""}]",bn,low_light,train,2026-08-18T10:00:00+05:30
rcp_6a69120c,media/receipts/rcp_6a69120c.jpg,City Taxi Co-op,6400.00,INR,2026-07-15,shopping,"[{""label"": ""Fare"", ""amount"": ""1141.96""}, {""label"": ""Ticket"", ""amount"": ""1126.09""}, {""label"": ""Tip"", ""amount"": ""2141.32""}, {""label"": ""Item"", ""amount"": ""1990.63""}]",en-IN,clean,train,2026-08-18T10:00:00+05:30
rcp_6880981f,media/receipts/rcp_6880981f.jpg,Sea Breeze Cafe,1750.00,BTN,2026-06-09,activities,"[{""label"": ""Item"", ""amount"": ""865.51""}, {""label"": ""Ticket"", ""amount"": ""884.49""}]",ta,clean,train,2026-08-18T10:00:00+05:30
rcp_ba13f2a4,media/receipts/rcp_ba13f2a4.jpg,Blue Pottery Studio,260.00,INR,2026-07-13,shopping,"[{""label"": ""Tax"", ""amount"": ""99.91""}, {""label"": ""Tax"", ""amount"": ""160.09""}]",bn,low_light,eval,2026-08-18T10:00:00+05:30
rcp_35bbb93f,media/receipts/rcp_35bbb93f.jpg,Anand Bhavan,260.00,INR,2026-02-10,activities,"[{""label"": ""Item"", ""amount"": ""260.00""}]",bn,clean,train,2026-08-18T10:00:00+05:30
rcp_041aba1f,media/receipts/rcp_041aba1f.jpg,Blue Pottery Studio,480.00,INR,2026-04-03,fees,"[{""label"": ""Tax"", ""amount"": ""202.78""}, {""label"": ""Ticket"", ""amount"": ""277.22""}]",ml,low_light,train,2026-08-18T10:00:00+05:30
rcp_91fdd3d3,media/receipts/rcp_91fdd3d3.jpg,Heritage Museum Tickets,282.24,AED,2026-05-27,transport,"[{""label"": ""Tip"", ""amount"": ""282.24""}]",ta,skewed,train,2026-08-18T10:00:00+05:30
rcp_d5193682,media/receipts/rcp_d5193682.jpg,Blue Pottery Studio,120.00,INR,2026-05-14,activities,"[{""label"": ""Fare"", ""amount"": ""36.85""}, {""label"": ""Ticket"", ""amount"": ""17.82""}, {""label"": ""Fare"", ""amount"": ""32.34""}, {""label"": ""Tip"", ""amount"": ""32.99""}]",bn,clean,eval,2026-08-18T10:00:00+05:30
rcp_5bb955f4,media/receipts/rcp_5bb955f4.jpg,Blue Pottery Studio,950.00,INR,2026-04-01,activities,"[{""label"": ""Service"", ""amount"": ""159.76""}, {""label"": ""Item"", ""amount"": ""167.90""}, {""label"": ""Service"", ""amount"": ""622.34""}]",ml,crumpled,train,2026-08-18T10:00:00+05:30
rcp_1d5845bf,media/receipts/rcp_1d5845bf.jpg,Chai Point,3200.00,INR,2026-03-26,fees,"[{""label"": ""Tip"", ""amount"": ""3200.00""}]",ta,low_light,train,2026-08-18T10:00:00+05:30
rcp_6504865d,media/receipts/rcp_6504865d.jpg,Metro Auto Stand,120.00,INR,2026-04-20,fees,"[{""label"": ""Service"", ""amount"": ""54.16""}, {""label"": ""Tax"", ""amount"": ""19.75""}, {""label"": ""Tax"", ""amount"": ""23.66""}, {""label"": ""Tax"", ""amount"": ""22.43""}]",hi,skewed,train,2026-08-18T10:00:00+05:30
