budget_id,trip_id,total_amount,currency,accommodation_cap,transport_cap,food_cap,activities_cap,misc_cap,alert_threshold_pct,created_at,updated_at
bud_43e3c8a8,trp_dba33c33,30000.00,INR,10800.00,5400.00,5400.00,4050.00,1350.00,85,2026-06-21T10:00:00+05:30,2026-08-18T10:00:00+05:30
bud_f9687a21,trp_c183d169,45000.00,INR,16200.00,8100.00,8100.00,6075.00,2025.00,90,2026-05-29T10:00:00+05:30,2026-08-18T10:00:00+05:30
bud_52b00549,trp_5c81e163,45500.00,INR,16380.00,8190.00,8190.00,6142.50,2047.50,80,2026-06-12T10:00:00+05:30,2026-08-18T10:00:00+05:30
bud_5e9748fd,trp_13423f49,213000.00,LKR,76680.00,38340.00,38340.00,28755.00,9585.00,80,2026-02-16T10:00:00+05:30,2026-08-18T10:00:00+05:30
bud_c86113cb,trp_d0565c09,100000.00,INR,36000.00,18000.00,18000.00,13500.00,4500.00,90,2026-05-03T10:00:00+05:30,2026-08-18T10:00:00+05:30
bud_c125fe93,trp_929cc01b,40000.00,INR,14400.00,7200.00,7200.00,5400.00,1800.00,80,2026-08-02T10:00:00+05:30,2026-08-18T10:00:00+05:30
bud_df125949,trp_5843b90d,56000.00,INR,20160.00,10080.00,10080.00,7560.00,2520.00,85,2026-06-06T10:00:00+05:30,2026-08-18T10:00:00+05:30
bud_dc1b72e5,trp_3901f712,20000.00,INR,7200.00,3600.00,3600.00,2700.00,900.00,80,2026-04-10T10:00:00+05:30,2026-08-18T10:00:00+05:30
bud_ea5713a3,trp_e842e287,16000.00,INR,5760.00,2880.00,2880.00,2160.00,720.00,85,2026-07-06T10:00:00+05:30,2026-08-18T10:00:00+05:30
bud_d8965770,trp_ebd8ca83,24000.00,INR,8640.00,4320.00,4320.00,3240.00,1080.00,90,2026-04-24T10:00:00+05:30,2026-08-18T10:00:00+05:30
bud_eaf561e3,trp_31e8bc24,45500.00,INR,16380.00,8190.00,8190.00,6142.50,2047.50,75,2026-04-14T10:00:00+05:30,2026-08-18T10:00:00+05:30
bud_fdcd2a10,trp_9656ff69,62500.00,INR,22500.00,11250.00,11250.00,8437.50,2812.50,90,2026-06-28T10:00:00+05:30,2026-08-18T10:00:00+05:30
bud_6494879c,trp_358447d8,26000.00,INR,9360.00,4680.00,4680.00,3510.00,1170.00,85,2026-02-12T10:00:00+05:30,2026-08-18T10:00:00+05:30
bud_3a4ee761,trp_79c91f6b,24000.00,INR,8640.00,4320.00,4320.00,3240.00,1080.00,85,2026-07-01T10:00:00+05:30,2026-08-18T10:00:00+05:30
bud_1db5ecf9,trp_4a195a07,44000.00,INR,15840.00,7920.00,7920.00,5940.00,1980.00,85,2026-05-25T10:00:00+05:30,2026-08-18T10:00:00+05:30
bud_81cb3758,trp_27260494,30000.00,INR,10800.00,5400.00,5400.00,4050.00,1350.00,85,2026-05-09T10:00:00+05:30,2026-08-18T10:00:00+05:30
bud_1cb47f5f,trp_0ea3db93,64000.00,INR,23040.00,11520.00,11520.00,8640.00,2880.00,80,2026-06-25T10:00:00+05:30,2026-08-18T10:00:00+05:30
bud_23783eed,trp_fc64f16e,20000.00,INR,7200.00,3600.00,3600.00,2700.00,900.00,85,2026-04-16T10:00:00+05:30,2026-08-18T10:00:00+05:30
bud_97f26028,trp_f996a70f,84000.00,INR,30240.00,15120.00,15120.00,11340.00,3780.00,90,2026-04-13T10:00:00+05:30,2026-08-18T10:00:00+05:30
bud_2e60295b,trp_c6136493,273000.00,INR,98280.00,49140.00,49140.00,36855.00,12285.00,80,2026-03-31T10:00:00+05:30,2026-08-18T10:00:00+05:30
bud_4ebd89a8,trp_aaec0d9c,22000.00,INR,7920.00,3960.00,3960.00,2970.00,990.00,75,2026-05-12T10:00:00+05:30,2026-08-18T10:00:00+05:30
bud_579f1500,trp_5162b851,48000.00,INR,17280.00,8640.00,8640.00,6480.00,2160.00,80,2026-05-12T10:00:00+05:30,2026-08-18T10:00:00+05:30
bud_06975c32,trp_909e59bc,336.00,CHF,120.96,60.48,60.48,45.36,15.12,90,2026-02-19T10:00:00+05:30,2026-08-18T10:00:00+05:30
bud_2d9ab12d,trp_799607b3,39000.00,INR,14040.00,7020.00,7020.00,5265.00,1755.00,75,2026-05-04T10:00:00+05:30,2026-08-18T10:00:00+05:30
bud_cbc3131c,trp_a00e9d0f,25350000.00,IDR,9126000.00,4563000.00,4563000.00,3422250.00,1140750.00,90,2026-07-18T10:00:00+05:30,2026-08-18T10:00:00+05:30
bud_22235795,trp_55127690,154000.00,INR,55440.00,27720.00,27720.00,20790.00,6930.00,85,2026-04-23T10:00:00+05:30,2026-08-18T10:00:00+05:30
bud_ae3a5509,trp_f272c28c,115375.00,LKR,41535.00,20767.50,20767.50,15575.62,5191.88,85,2026-03-05T10:00:00+05:30,2026-08-18T10:00:00+05:30
bud_ef874aef,trp_06892c8d,72000.00,NPR,25920.00,12960.00,12960.00,9720.00,3240.00,80,2026-02-17T10:00:00+05:30,2026-08-18T10:00:00+05:30
bud_2395283b,trp_2ee981f7,32000.00,INR,11520.00,5760.00,5760.00,4320.00,1440.00,85,2026-06-03T10:00:00+05:30,2026-08-18T10:00:00+05:30
bud_4c2369df,trp_d04f7574,260000.00,INR,93600.00,46800.00,46800.00,35100.00,11700.00,85,2026-02-01T10:00:00+05:30,2026-08-18T10:00:00+05:30
bud_30b9d8e1,trp_bd724666,7732.80,MYR,2783.81,1391.90,1391.90,1043.93,347.98,75,2026-06-07T10:00:00+05:30,2026-08-18T10:00:00+05:30
bud_6ae63485,trp_72f16fa8,72000.00,INR,25920.00,12960.00,12960.00,9720.00,3240.00,80,2026-02-12T10:00:00+05:30,2026-08-18T10:00:00+05:30
bud_a9bd9962,trp_a62adcb1,2925000.00,IDR,1053000.00,526500.00,526500.00,394875.00,131625.00,90,2026-04-13T10:00:00+05:30,2026-08-18T10:00:00+05:30
bud_cb10176c,trp_46f6a107,3544.20,MYR,1275.91,637.95,637.96,478.47,159.49,85,2026-04-24T10:00:00+05:30,2026-08-18T10:00:00+05:30
bud_2405dab6,trp_0c26fee1,12500.00,INR,4500.00,2250.00,2250.00,1687.50,562.50,90,2026-05-05T10:00:00+05:30,2026-08-18T10:00:00+05:30
bud_23921cb7,trp_71d9ea27,35000.00,INR,12600.00,6300.00,6300.00,4725.00,1575.00,80,2026-04-25T10:00:00+05:30,2026-08-18T10:00:00+05:30
bud_7b74c768,trp_cc443308,16000.00,INR,5760.00,2880.00,2880.00,2160.00,720.00,85,2026-04-22T10:00:00+05:30,2026-08-18T10:00:00+05:30
bud_a84317cf,trp_aad6a7fa,39000.00,INR,14040.00,7020.00,7020.00,5265.00,1755.00,85,2026-07-24T10:00:00+05:30,2026-08-18T10:00:00+05:30
bud_5dd4484f,trp_a9612ee9,45500.00,INR,16380.00,8190.00,8190.00,6142.50,2047.50,85,2026-04-03T10:00:00+05:30,2026-08-18T10:00:00+05:30
bud_73e4576f,trp_25a53353,77000.00,INR,27720.00,13860.00,13860.00,10395.00,3465.00,90,2026-04-24T10:00:00+05:30,2026-08-18T10:00:00+05:30
bud_79d9ad63,trp_3c03178d,66000.00,INR,23760.00,11880.00,11880.00,8910.00,2970.00,80,2026-06-22T10:00:00+05:30,2026-08-18T10:00:00+05:30
bud_caed76df,trp_ffd35a10,77000.00,INR,27720.00,13860.00,13860.00,10395.00,3465.00,90,2026-02-05T10:00:00+05:30,2026-08-18T10:00:00+05:30
bud_320b314a,trp_8804c5b5,105000.00,INR,37800.00,18900.00,18900.00,14175.00,4725.00,90,2026-03-02T10:00:00+05:30,2026-08-18T10:00:00+05:30
bud_a6cba31a,trp_152be4e1,40000.00,INR,14400.00,7200.00,7200.00,5400.00,1800.00,80,2026-06-20T10:00:00+05:30,2026-08-18T10:00:00+05:30
bud_df3bb093,trp_b8ab5705,160000.00,INR,57600.00,28800.00,28800.00,21600.00,7200.00,85,2026-04-21T10:00:00+05:30,2026-08-18T10:00:00+05:30
bud_4447df7d,trp_2ee78a2e,7500.00,INR,2700.00,1350.00,1350.00,1012.50,337.50,85,2026-03-10T10:00:00+05:30,2026-08-18T10:00:00+05:30
bud_9682fb2e,trp_c4c131cd,3528.00,AED,1270.08,635.04,635.04,476.28,158.76,80,2026-04-13T10:00:00+05:30,2026-08-18T10:00:00+05:30
bud_d55e26a2,trp_894ef822,154000.00,INR,55440.00,27720.00,27720.00,20790.00,6930.00,90,2026-06-04T10:00:00+05:30,2026-08-18T10:00:00+05:30
bud_bce757fa,trp_75c88e52,39000.00,INR,14040.00,7020.00,7020.00,5265.00,1755.00,85,2026-05-19T10:00:00+05:30,2026-08-18T10:00:00+05:30
bud_f7e00a08,trp_81ba1051,231000.00,INR,83160.00,41580.00,41580.00,31185.00,10395.00,90,2026-03-08T10:00:00+05:30,2026-08-18T10:00:00+05:30
bud_55d315ea,trp_357dbb6b,39000.00,INR,14040.00,7020.00,7020.00,5265.00,1755.00,85,2026-02-19T10:00:00+05:30,2026-08-18T10:00:00+05:30
bud_ce5ee6bf,trp_49911bd2,70400.00,NPR,25344.00,12672.00,12672.00,9504.00,3168.00,75,2026-05-27T10:00:00+05:30,2026-08-18T10:00:00+05:30
bud_5eecdcb6,trp_47cb5f68,20000.00,INR,7200.00,3600.00,3600.00,2700.00,900.00,80,2026-03-06T10:00:00+05:30,2026-08-18T10:00:00+05:30
bud_9b2e8924,trp_cdc63a8d,77000.00,INR,27720.00,13860.00,13860.00,10395.00,3465.00,85,2026-07-28T10:00:00+05:30,2026-08-18T10:00:00+05:30
bud_353f09d2,trp_bfc1339e,6873.60,MYR,2474.49,1237.25,1237.25,927.94,309.31,75,2026-03-22T10:00:00+05:30,2026-08-18T10:00:00+05:30
bud_6d0b60e7,trp_f861423a,72000.00,INR,25920.00,12960.00,12960.00,9720.00,3240.00,90,2026-05-27T10:00:00+05:30,2026-08-18T10:00:00+05:30
bud_ef7b69fc,trp_5764aee3,45000.00,INR,16200.00,8100.00,8100.00,6075.00,2025.00,75,2026-05-28T10:00:00+05:30,2026-08-18T10:00:00+05:30
bud_c66063e4,trp_493ac8fc,57600.00,NPR,20736.00,10368.00,10368.00,7776.00,2592.00,85,2026-06-02T10:00:00+05:30,2026-08-18T10:00:00+05:30
bud_f8f331f1,trp_603a2836,40000.00,INR,14400.00,7200.00,7200.00,5400.00,1800.00,75,2026-03-24T10:00:00+05:30,2026-08-18T10:00:00+05:30
bud_55e6b8fc,trp_77b09e9a,682.50,CHF,245.70,122.85,122.85,92.14,30.71,90,2026-06-09T10:00:00+05:30,2026-08-18T10:00:00+05:30
bud_2dd68322,trp_11c9d5a3,16000.00,INR,5760.00,2880.00,2880.00,2160.00,720.00,90,2026-02-03T10:00:00+05:30,2026-08-18T10:00:00+05:30
bud_b6501169,trp_55e4cc10,30000.00,INR,10800.00,5400.00,5400.00,4050.00,1350.00,80,2026-06-03T10:00:00+05:30,2026-08-18T10:00:00+05:30
bud_1b6dd078,trp_e4e09b00,577.50,CHF,207.90,103.95,103.95,77.96,25.99,85,2026-04-05T10:00:00+05:30,2026-08-18T10:00:00+05:30
bud_64c4cc9f,trp_2dbec2dd,52000.00,INR,18720.00,9360.00,9360.00,7020.00,2340.00,80,2026-05-01T10:00:00+05:30,2026-08-18T10:00:00+05:30
bud_7e22014b,trp_a0a40e8a,15000.00,INR,5400.00,2700.00,2700.00,2025.00,675.00,75,2026-05-15T10:00:00+05:30,2026-08-18T10:00:00+05:30
bud_50dd3f59,trp_90e2fb40,91000.00,INR,32760.00,16380.00,16380.00,12285.00,4095.00,85,2026-03-27T10:00:00+05:30,2026-08-18T10:00:00+05:30
bud_1d33b219,trp_cdf7d1fa,1503.60,MYR,541.29,270.65,270.65,202.99,67.66,75,2026-07-26T10:00:00+05:30,2026-08-18T10:00:00+05:30
bud_b9686893,trp_fd9a2525,104000.00,INR,37440.00,18720.00,18720.00,14040.00,4680.00,80,2026-06-20T10:00:00+05:30,2026-08-18T10:00:00+05:30
bud_fd52928b,trp_0053b2f7,40000.00,INR,14400.00,7200.00,7200.00,5400.00,1800.00,90,2026-06-17T10:00:00+05:30,2026-08-18T10:00:00+05:30
bud_09ee50a3,trp_e086bae2,110000.00,INR,39600.00,19800.00,19800.00,14850.00,4950.00,80,2026-03-21T10:00:00+05:30,2026-08-18T10:00:00+05:30
bud_a7f223fe,trp_4a923b00,26000.00,INR,9360.00,4680.00,4680.00,3510.00,1170.00,80,2026-07-12T10:00:00+05:30,2026-08-18T10:00:00+05:30
bud_e6a9722b,trp_c1603110,2930.20,SGD,1054.87,527.43,527.44,395.58,131.86,85,2026-02-11T10:00:00+05:30,2026-08-18T10:00:00+05:30
bud_ab49b81f,trp_77e61eba,264000.00,INR,95040.00,47520.00,47520.00,35640.00,11880.00,80,2026-06-06T10:00:00+05:30,2026-08-18T10:00:00+05:30
bud_21af0b1e,trp_b367a36c,53250.00,LKR,19170.00,9585.00,9585.00,7188.75,2396.25,85,2026-05-04T10:00:00+05:30,2026-08-18T10:00:00+05:30
bud_70d53f46,trp_f18e9739,2447.20,QAR,880.99,440.50,440.50,330.37,110.12,75,2026-08-06T10:00:00+05:30,2026-08-18T10:00:00+05:30
bud_4f7e97c4,trp_7945b3eb,37500.00,INR,13500.00,6750.00,6750.00,5062.50,1687.50,80,2026-07-28T10:00:00+05:30,2026-08-18T10:00:00+05:30
bud_cc1d5307,trp_994bc238,60000.00,NPR,21600.00,10800.00,10800.00,8100.00,2700.00,85,2026-02-17T10:00:00+05:30,2026-08-18T10:00:00+05:30
bud_cd114aa9,trp_4eec7794,100000.00,INR,36000.00,18000.00,18000.00,13500.00,4500.00,75,2026-05-05T10:00:00+05:30,2026-08-18T10:00:00+05:30
bud_3dfc42a8,trp_1aeefd3e,75000.00,INR,27000.00,13500.00,13500.00,10125.00,3375.00,85,2026-04-05T10:00:00+05:30,2026-08-18T10:00:00+05:30
bud_3429fdfd,trp_76c2a4af,176000.00,INR,63360.00,31680.00,31680.00,23760.00,7920.00,90,2026-08-04T10:00:00+05:30,2026-08-18T10:00:00+05:30
bud_ff5da77a,trp_afb42eab,77000.00,INR,27720.00,13860.00,13860.00,10395.00,3465.00,80,2026-03-06T10:00:00+05:30,2026-08-18T10:00:00+05:30
bud_6ceb1d36,trp_89eafa58,154000.00,INR,55440.00,27720.00,27720.00,20790.00,6930.00,75,2026-03-04T10:00:00+05:30,2026-08-18T10:00:00+05:30
bud_82a24ab7,trp_5a3f0c25,40000.00,INR,14400.00,7200.00,7200.00,5400.00,1800.00,90,2026-02-11T10:00:00+05:30,2026-08-18T10:00:00+05:30
bud_994547ba,trp_77488f6d,24000.00,INR,8640.00,4320.00,4320.00,3240.00,1080.00,80,2026-04-23T10:00:00+05:30,2026-08-18T10:00:00+05:30
bud_354f98b7,trp_9fc37785,104000.00,INR,37440.00,18720.00,18720.00,14040.00,4680.00,90,2026-04-26T10:00:00+05:30,2026-08-18T10:00:00+05:30
bud_95b4ff12,trp_22fafc52,113600.00,LKR,40896.00,20448.00,20448.00,15336.00,5112.00,90,2026-03-08T10:00:00+05:30,2026-08-18T10:00:00+05:30
bud_551839fd,trp_c2f959a5,462000.00,INR,166320.00,83160.00,83160.00,62370.00,20790.00,90,2026-04-03T10:00:00+05:30,2026-08-18T10:00:00+05:30
bud_9ff61dd3,trp_0f1dfedf,40000.00,INR,14400.00,7200.00,7200.00,5400.00,1800.00,75,2026-04-21T10:00:00+05:30,2026-08-18T10:00:00+05:30
bud_c415b4d4,trp_5a52c165,352000.00,INR,126720.00,63360.00,63360.00,47520.00,15840.00,85,2026-03-22T10:00:00+05:30,2026-08-18T10:00:00+05:30
bud_8a611f39,trp_32ae8bfe,12000.00,INR,4320.00,2160.00,2160.00,1620.00,540.00,90,2026-03-19T10:00:00+05:30,2026-08-18T10:00:00+05:30
bud_9dfa4aec,trp_f80fc406,12500.00,INR,4500.00,2250.00,2250.00,1687.50,562.50,90,2026-07-10T10:00:00+05:30,2026-08-18T10:00:00+05:30
bud_7dd185c2,trp_44ecb435,644.00,SGD,231.84,115.92,115.92,86.94,28.98,75,2026-02-26T10:00:00+05:30,2026-08-18T10:00:00+05:30
bud_003ab867,trp_53739538,195000.00,INR,70200.00,35100.00,35100.00,26325.00,8775.00,85,2026-02-14T10:00:00+05:30,2026-08-18T10:00:00+05:30
bud_bbe468c2,trp_ecb6fa2a,39000.00,INR,14040.00,7020.00,7020.00,5265.00,1755.00,80,2026-07-29T10:00:00+05:30,2026-08-18T10:00:00+05:30
bud_b4cd1fd2,trp_3178fc73,78000.00,INR,28080.00,14040.00,14040.00,10530.00,3510.00,90,2026-04-06T10:00:00+05:30,2026-08-18T10:00:00+05:30
bud_6fe3fe69,trp_41efeeee,75000.00,INR,27000.00,13500.00,13500.00,10125.00,3375.00,85,2026-07-19T10:00:00+05:30,2026-08-18T10:00:00+05:30
bud_a36a3588,trp_c4b22e96,12000.00,INR,4320.00,2160.00,2160.00,1620.00,540.00,85,2026-02-10T10:00:00+05:30,2026-08-18T10:00:00+05:30
bud_98256f87,trp_f05ed67d,1416.80,SGD,510.05,255.02,255.02,191.27,63.76,80,2026-04-04T10:00:00+05:30,2026-08-18T10:00:00+05:30
bud_97a7dbb5,trp_ab02433c,65000.00,INR,23400.00,11700.00,11700.00,8775.00,2925.00,75,2026-07-27T10:00:00+05:30,2026-08-18T10:00:00+05:30
bud_aba16273,trp_92b064f2,1950000.00,IDR,702000.00,351000.00,351000.00,263250.00,87750.00,80,2026-05-10T10:00:00+05:30,2026-08-18T10:00:00+05:30
bud_8d0afe27,trp_78241f22,78000.00,INR,28080.00,14040.00,14040.00,10530.00,3510.00,85,2026-04-29T10:00:00+05:30,2026-08-18T10:00:00+05:30
bud_ab902dac,trp_84855866,60000.00,INR,21600.00,10800.00,10800.00,8100.00,2700.00,80,2026-03-10T10:00:00+05:30,2026-08-18T10:00:00+05:30
bud_b8c929eb,trp_7844b321,88000.00,INR,31680.00,15840.00,15840.00,11880.00,3960.00,80,2026-05-18T10:00:00+05:30,2026-08-18T10:00:00+05:30
bud_474e7681,trp_c1e34627,32000.00,INR,11520.00,5760.00,5760.00,4320.00,1440.00,90,2026-04-19T10:00:00+05:30,2026-08-18T10:00:00+05:30
bud_02c3d8ff,trp_74917bfb,15000.00,INR,5400.00,2700.00,2700.00,2025.00,675.00,90,2026-06-19T10:00:00+05:30,2026-08-18T10:00:00+05:30
bud_7675c47d,trp_53200b9d,32838.00,THB,11821.68,5910.84,5910.84,4433.13,1477.71,90,2026-03-22T10:00:00+05:30,2026-08-18T10:00:00+05:30
bud_d9c9f30c,trp_69a5e32d,115200.00,NPR,41472.00,20736.00,20736.00,15552.00,5184.00,75,2026-04-18T10:00:00+05:30,2026-08-18T10:00:00+05:30
bud_d1d0e9af,trp_ef522093,80000.00,INR,28800.00,14400.00,14400.00,10800.00,3600.00,75,2026-07-30T10:00:00+05:30,2026-08-18T10:00:00+05:30
bud_d637ab19,trp_627dd5f6,1704.30,QAR,613.55,306.78,306.77,230.08,76.69,80,2026-07-14T10:00:00+05:30,2026-08-18T10:00:00+05:30
bud_7243f01f,trp_f9bdd86b,55000.00,INR,19800.00,9900.00,9900.00,7425.00,2475.00,85,2026-04-19T10:00:00+05:30,2026-08-18T10:00:00+05:30
bud_dadde3ef,trp_09f90a77,20000.00,INR,7200.00,3600.00,3600.00,2700.00,900.00,85,2026-06-28T10:00:00+05:30,2026-08-18T10:00:00+05:30
bud_f2378da6,trp_ff8e9fec,24000.00,INR,8640.00,4320.00,4320.00,3240.00,1080.00,75,2026-02-12T10:00:00+05:30,2026-08-18T10:00:00+05:30
bud_d5abd2ae,trp_d6b492f9,65000.00,INR,23400.00,11700.00,11700.00,8775.00,2925.00,80,2026-05-15T10:00:00+05:30,2026-08-18T10:00:00+05:30
bud_c508da3c,trp_962e90a6,154000.00,INR,55440.00,27720.00,27720.00,20790.00,6930.00,90,2026-06-13T10:00:00+05:30,2026-08-18T10:00:00+05:30
bud_61a2cdfb,trp_25a980cf,58240.00,JPY,20966.40,10483.20,10483.20,7862.40,2620.80,75,2026-04-17T10:00:00+05:30,2026-08-18T10:00:00+05:30
bud_282e46be,trp_c403d6fa,367.50,CHF,132.30,66.15,66.15,49.61,16.54,80,2026-02-12T10:00:00+05:30,2026-08-18T10:00:00+05:30
bud_5573920a,trp_e427f350,25600.00,NPR,9216.00,4608.00,4608.00,3456.00,1152.00,75,2026-02-26T10:00:00+05:30,2026-08-18T10:00:00+05:30
bud_46bf6619,trp_e8b8c651,75000.00,INR,27000.00,13500.00,13500.00,10125.00,3375.00,80,2026-03-08T10:00:00+05:30,2026-08-18T10:00:00+05:30
bud_59772b9f,trp_8e6dec68,198000.00,INR,71280.00,35640.00,35640.00,26730.00,8910.00,80,2026-05-13T10:00:00+05:30,2026-08-18T10:00:00+05:30
bud_66cc581e,trp_ad48f44b,80000.00,INR,28800.00,14400.00,14400.00,10800.00,3600.00,85,2026-08-06T10:00:00+05:30,2026-08-18T10:00:00+05:30
bud_fb81409c,trp_43e313f5,128000.00,INR,46080.00,23040.00,23040.00,17280.00,5760.00,90,2026-04-26T10:00:00+05:30,2026-08-18T10:00:00+05:30
bud_2a5759da,trp_49772eb7,30000.00,INR,10800.00,5400.00,5400.00,4050.00,1350.00,90,2026-06-14T10:00:00+05:30,2026-08-18T10:00:00+05:30
bud_610f8e17,trp_d647222e,130000.00,INR,46800.00,23400.00,23400.00,17550.00,5850.00,80,2026-05-25T10:00:00+05:30,2026-08-18T10:00:00+05:30
bud_18885672,trp_7013467c,66000.00,INR,23760.00,11880.00,11880.00,8910.00,2970.00,75,2026-04-28T10:00:00+05:30,2026-08-18T10:00:00+05:30
bud_91b96c8b,trp_631ad6a9,40000.00,INR,14400.00,7200.00,7200.00,5400.00,1800.00,80,2026-07-09T10:00:00+05:30,2026-08-18T10:00:00+05:30
bud_51fd76c5,trp_bab07b17,19500.00,INR,7020.00,3510.00,3510.00,2632.50,877.50,85,2026-05-23T10:00:00+05:30,2026-08-18T10:00:00+05:30
bud_c221dc98,trp_e11af79e,15000.00,INR,5400.00,2700.00,2700.00,2025.00,675.00,85,2026-03-04T10:00:00+05:30,2026-08-18T10:00:00+05:30
bud_1dc802d4,trp_c67254e9,24000.00,INR,8640.00,4320.00,4320.00,3240.00,1080.00,85,2026-03-29T10:00:00+05:30,2026-08-18T10:00:00+05:30
bud_4b4bd1ee,trp_b7a82392,145600.00,NPR,52416.00,26208.00,26208.00,19656.00,6552.00,80,2026-02-08T10:00:00+05:30,2026-08-18T10:00:00+05:30
bud_a8a04857,trp_12e18a88,220000.00,INR,79200.00,39600.00,39600.00,29700.00,9900.00,85,2026-03-19T10:00:00+05:30,2026-08-18T10:00:00+05:30
bud_f2620da0,trp_43aa1b9f,19500.00,INR,7020.00,3510.00,3510.00,2632.50,877.50,85,2026-06-24T10:00:00+05:30,2026-08-18T10:00:00+05:30
bud_62b5bddf,trp_7156f558,1102.50,AED,396.90,198.45,198.45,148.84,49.61,75,2026-03-30T10:00:00+05:30,2026-08-18T10:00:00+05:30
bud_fde0143d,trp_bca7f130,55000.00,INR,19800.00,9900.00,9900.00,7425.00,2475.00,80,2026-07-22T10:00:00+05:30,2026-08-18T10:00:00+05:30
bud_32337458,trp_8580f983,10000.00,INR,3600.00,1800.00,1800.00,1350.00,450.00,80,2026-07-04T10:00:00+05:30,2026-08-18T10:00:00+05:30
bud_4ef174d7,trp_37519e08,19500.00,INR,7020.00,3510.00,3510.00,2632.50,877.50,90,2026-07-15T10:00:00+05:30,2026-08-18T10:00:00+05:30
bud_b0ebf99d,trp_cb0bf61d,110000.00,INR,39600.00,19800.00,19800.00,14850.00,4950.00,90,2026-02-26T10:00:00+05:30,2026-08-18T10:00:00+05:30
bud_4ed6c8e4,trp_fdbf106b,50000.00,INR,18000.00,9000.00,9000.00,6750.00,2250.00,90,2026-03-19T10:00:00+05:30,2026-08-18T10:00:00+05:30
bud_d7a0f537,trp_098ba70a,84000.00,INR,30240.00,15120.00,15120.00,11340.00,3780.00,85,2026-03-16T10:00:00+05:30,2026-08-18T10:00:00+05:30
bud_c979afd3,trp_7a5e7bd8,56000.00,INR,20160.00,10080.00,10080.00,7560.00,2520.00,80,2026-07-16T10:00:00+05:30,2026-08-18T10:00:00+05:30
bud_cae1bd9b,trp_8f860be9,32000.00,INR,11520.00,5760.00,5760.00,4320.00,1440.00,75,2026-05-08T10:00:00+05:30,2026-08-18T10:00:00+05:30
bud_9851305a,trp_cc0bc071,312000.00,INR,112320.00,56160.00,56160.00,42120.00,14040.00,85,2026-07-30T10:00:00+05:30,2026-08-18T10:00:00+05:30
bud_905b27fa,trp_e0e73f4f,10000.00,INR,3600.00,1800.00,1800.00,1350.00,450.00,90,2026-02-26T10:00:00+05:30,2026-08-18T10:00:00+05:30
bud_2faac50d,trp_c675b49c,60000.00,INR,21600.00,10800.00,10800.00,8100.00,2700.00,75,2026-07-07T10:00:00+05:30,2026-08-18T10:00:00+05:30
bud_b38270d6,trp_14bf5f65,55000.00,INR,19800.00,9900.00,9900.00,7425.00,2475.00,90,2026-02-20T10:00:00+05:30,2026-08-18T10:00:00+05:30
bud_381c2a94,trp_0d9ed6f6,28000.00,INR,10080.00,5040.00,5040.00,3780.00,1260.00,75,2026-05-09T10:00:00+05:30,2026-08-18T10:00:00+05:30
bud_0753d0ae,trp_01716435,132000.00,INR,47520.00,23760.00,23760.00,17820.00,5940.00,85,2026-07-02T10:00:00+05:30,2026-08-18T10:00:00+05:30
bud_2495e669,trp_8a12a715,234000.00,INR,84240.00,42120.00,42120.00,31590.00,10530.00,90,2026-05-21T10:00:00+05:30,2026-08-18T10:00:00+05:30
bud_06f52191,trp_eda7ae24,26000.00,INR,9360.00,4680.00,4680.00,3510.00,1170.00,80,2026-07-14T10:00:00+05:30,2026-08-18T10:00:00+05:30
bud_b00c295a,trp_b61bda4b,66000.00,INR,23760.00,11880.00,11880.00,8910.00,2970.00,80,2026-07-11T10:00:00+05:30,2026-08-18T10:00:00+05:30
bud_b77ad13f,trp_d8f6113f,661.50,AED,238.14,119.07,119.07,89.30,29.77,85,2026-04-27T10:00:00+05:30,2026-08-18T10:00:00+05:30
bud_bb60e969,trp_b4864e6f,563200.00,NPR,202752.00,101376.00,101376.00,76032.00,25344.00,85,2026-02-04T10:00:00+05:30,2026-08-18T10:00:00+05:30
bud_1260421e,trp_0f181044,327.75,QAR,117.99,58.99,58.99,44.25,14.75,85,2026-04-09T10:00:00+05:30,2026-08-18T10:00:00+05:30
bud_cd933f91,trp_90f6480d,26000.00,INR,9360.00,4680.00,4680.00,3510.00,1170.00,90,2026-03-28T10:00:00+05:30,2026-08-18T10:00:00+05:30
bud_6d2e3c96,trp_be2b6219,234300.00,LKR,84348.00,42174.00,42174.00,31630.50,10543.50,80,2026-04-10T10:00:00+05:30,2026-08-18T10:00:00+05:30
bud_ec6c646f,trp_1ceb9811,144000.00,INR,51840.00,25920.00,25920.00,19440.00,6480.00,80,2026-02-10T10:00:00+05:30,2026-08-18T10:00:00+05:30
bud_4267bf2f,trp_856b6452,51200.00,NPR,18432.00,9216.00,9216.00,6912.00,2304.00,85,2026-06-07T10:00:00+05:30,2026-08-18T10:00:00+05:30
bud_7f897d28,trp_32bc8fa5,633600.00,NPR,228096.00,114048.00,114048.00,85536.00,28512.00,75,2026-04-20T10:00:00+05:30,2026-08-18T10:00:00+05:30
bud_1808f7e2,trp_0e4ac002,64000.00,INR,23040.00,11520.00,11520.00,8640.00,2880.00,75,2026-03-17T10:00:00+05:30,2026-08-18T10:00:00+05:30
bud_479bfe68,trp_d6cd4f40,176000.00,INR,63360.00,31680.00,31680.00,23760.00,7920.00,75,2026-02-11T10:00:00+05:30,2026-08-18T10:00:00+05:30
bud_1fafd0b9,trp_d5063ed0,4586.40,AED,1651.11,825.55,825.55,619.16,206.39,75,2026-07-18T10:00:00+05:30,2026-08-18T10:00:00+05:30
bud_f6386b33,trp_1dd09ed0,32500.00,INR,11700.00,5850.00,5850.00,4387.50,1462.50,85,2026-04-03T10:00:00+05:30,2026-08-18T10:00:00+05:30
bud_1c0568e0,trp_ed8dc5fe,32000.00,INR,11520.00,5760.00,5760.00,4320.00,1440.00,80,2026-07-21T10:00:00+05:30,2026-08-18T10:00:00+05:30
bud_c3841b18,trp_20b372f1,48000.00,INR,17280.00,8640.00,8640.00,6480.00,2160.00,75,2026-07-16T10:00:00+05:30,2026-08-18T10:00:00+05:30
bud_ac291002,trp_1002157a,15000.00,INR,5400.00,2700.00,2700.00,2025.00,675.00,85,2026-06-14T10:00:00+05:30,2026-08-18T10:00:00+05:30
bud_d85a99a9,trp_aa8d192e,72000.00,INR,25920.00,12960.00,12960.00,9720.00,3240.00,90,2026-07-20T10:00:00+05:30,2026-08-18T10:00:00+05:30
bud_0d68c6e9,trp_b355e443,97500.00,INR,35100.00,17550.00,17550.00,13162.50,4387.50,90,2026-03-25T10:00:00+05:30,2026-08-18T10:00:00+05:30
bud_cbfe2709,trp_d128a566,24000.00,INR,8640.00,4320.00,4320.00,3240.00,1080.00,85,2026-05-26T10:00:00+05:30,2026-08-18T10:00:00+05:30
bud_ad860bf8,trp_e72a3a42,24000.00,INR,8640.00,4320.00,4320.00,3240.00,1080.00,80,2026-07-06T10:00:00+05:30,2026-08-18T10:00:00+05:30
bud_6590be9d,trp_11c3f9e5,56800.00,LKR,20448.00,10224.00,10224.00,7668.00,2556.00,85,2026-03-06T10:00:00+05:30,2026-08-18T10:00:00+05:30
bud_dbc067af,trp_44abe323,30000.00,INR,10800.00,5400.00,5400.00,4050.00,1350.00,90,2026-02-25T10:00:00+05:30,2026-08-18T10:00:00+05:30
bud_e595fd93,trp_9af6e7d4,26000.00,INR,9360.00,4680.00,4680.00,3510.00,1170.00,75,2026-04-01T10:00:00+05:30,2026-08-18T10:00:00+05:30
bud_71db3a30,trp_90548bc9,1171500.00,LKR,421740.00,210870.00,210870.00,158152.50,52717.50,80,2026-03-17T10:00:00+05:30,2026-08-18T10:00:00+05:30
bud_be2f5ea8,trp_3e0e98ed,44000.00,INR,15840.00,7920.00,7920.00,5940.00,1980.00,90,2026-06-26T10:00:00+05:30,2026-08-18T10:00:00+05:30
bud_9f6c73cb,trp_706fdf80,644.00,SGD,231.84,115.92,115.92,86.94,28.98,90,2026-07-05T10:00:00+05:30,2026-08-18T10:00:00+05:30
bud_c62ffb34,trp_aa766de3,45630000.00,IDR,16426800.00,8213400.00,8213400.00,6160050.00,2053350.00,90,2026-05-08T10:00:00+05:30,2026-08-18T10:00:00+05:30
bud_6784dd7e,trp_3e798eae,30000.00,INR,10800.00,5400.00,5400.00,4050.00,1350.00,75,2026-02-23T10:00:00+05:30,2026-08-18T10:00:00+05:30
bud_6efa5b41,trp_c7b6e5c7,3139.50,SGD,1130.22,565.11,565.11,423.83,141.28,80,2026-06-26T10:00:00+05:30,2026-08-18T10:00:00+05:30
bud_a9493544,trp_7afc863d,160000.00,INR,57600.00,28800.00,28800.00,21600.00,7200.00,80,2026-08-03T10:00:00+05:30,2026-08-18T10:00:00+05:30
bud_926f25d1,trp_fc58b9bd,5000.00,INR,1800.00,900.00,900.00,675.00,225.00,75,2026-06-02T10:00:00+05:30,2026-08-18T10:00:00+05:30
bud_b79f1cc0,trp_e6cd4e0f,165000.00,INR,59400.00,29700.00,29700.00,22275.00,7425.00,85,2026-02-01T10:00:00+05:30,2026-08-18T10:00:00+05:30
bud_f30ddac3,trp_ec5e83d5,56000.00,BTN,20160.00,10080.00,10080.00,7560.00,2520.00,90,2026-05-21T10:00:00+05:30,2026-08-18T10:00:00+05:30
bud_889dcc2e,trp_5843566d,44000.00,INR,15840.00,7920.00,7920.00,5940.00,1980.00,75,2026-03-28T10:00:00+05:30,2026-08-18T10:00:00+05:30
bud_c68ac8b9,trp_79899032,20000.00,INR,7200.00,3600.00,3600.00,2700.00,900.00,80,2026-03-29T10:00:00+05:30,2026-08-18T10:00:00+05:30
bud_2cfaead1,trp_e5d6ad9d,20000.00,INR,7200.00,3600.00,3600.00,2700.00,900.00,85,2026-07-10T10:00:00+05:30,2026-08-18T10:00:00+05:30
bud_53d53598,trp_c6e23791,15000.00,INR,5400.00,2700.00,2700.00,2025.00,675.00,85,2026-03-26T10:00:00+05:30,2026-08-18T10:00:00+05:30
bud_21dc063e,trp_6b90fe6a,4013.10,AED,1444.71,722.36,722.36,541.77,180.59,85,2026-05-10T10:00:00+05:30,2026-08-18T10:00:00+05:30
bud_fbdfd348,trp_4567900f,48000.00,INR,17280.00,8640.00,8640.00,6480.00,2160.00,85,2026-06-04T10:00:00+05:30,2026-08-18T10:00:00+05:30
bud_69d313a0,trp_ce030396,120000.00,INR,43200.00,21600.00,21600.00,16200.00,5400.00,85,2026-02-25T10:00:00+05:30,2026-08-18T10:00:00+05:30
bud_2465e783,trp_ae6b4527,117000.00,INR,42120.00,21060.00,21060.00,15795.00,5265.00,90,2026-01-31T10:00:00+05:30,2026-08-18T10:00:00+05:30
bud_ac9389c8,trp_4158f34b,13000.00,INR,4680.00,2340.00,2340.00,1755.00,585.00,75,2026-08-06T10:00:00+05:30,2026-08-18T10:00:00+05:30
bud_0976e7f6,trp_0ab1cb2b,88000.00,INR,31680.00,15840.00,15840.00,11880.00,3960.00,80,2026-07-18T10:00:00+05:30,2026-08-18T10:00:00+05:30
bud_f0943fbb,trp_de13fbb8,20000.00,INR,7200.00,3600.00,3600.00,2700.00,900.00,80,2026-02-14T10:00:00+05:30,2026-08-18T10:00:00+05:30
bud_672290d8,trp_6d961db4,22500.00,INR,8100.00,4050.00,4050.00,3037.50,1012.50,75,2026-03-03T10:00:00+05:30,2026-08-18T10:00:00+05:30
bud_844afbfb,trp_4c87ad6d,45500.00,INR,16380.00,8190.00,8190.00,6142.50,2047.50,75,2026-03-01T10:00:00+05:30,2026-08-18T10:00:00+05:30
bud_1736ba28,trp_e5fcba16,154000.00,INR,55440.00,27720.00,27720.00,20790.00,6930.00,75,2026-05-17T10:00:00+05:30,2026-08-18T10:00:00+05:30
bud_de1adb52,trp_64726e5f,176000.00,INR,63360.00,31680.00,31680.00,23760.00,7920.00,85,2026-02-10T10:00:00+05:30,2026-08-18T10:00:00+05:30
bud_2a8ce00e,trp_e9978e3e,52000.00,INR,18720.00,9360.00,9360.00,7020.00,2340.00,75,2026-05-11T10:00:00+05:30,2026-08-18T10:00:00+05:30
bud_3f9f271a,trp_4507663e,24000.00,INR,8640.00,4320.00,4320.00,3240.00,1080.00,75,2026-02-19T10:00:00+05:30,2026-08-18T10:00:00+05:30
bud_5fd158a2,trp_7b77aa24,45500.00,INR,16380.00,8190.00,8190.00,6142.50,2047.50,85,2026-03-29T10:00:00+05:30,2026-08-18T10:00:00+05:30
bud_f14e8995,trp_087633e3,87500.00,INR,31500.00,15750.00,15750.00,11812.50,3937.50,80,2026-02-03T10:00:00+05:30,2026-08-18T10:00:00+05:30
bud_d190c3b6,trp_3e263e75,97500.00,INR,35100.00,17550.00,17550.00,13162.50,4387.50,85,2026-04-13T10:00:00+05:30,2026-08-18T10:00:00+05:30
bud_56acfa12,trp_f0bbd941,39000.00,INR,14040.00,7020.00,7020.00,5265.00,1755.00,85,2026-08-06T10:00:00+05:30,2026-08-18T10:00:00+05:30
bud_9303ab5a,trp_03ebe095,19500.00,INR,7020.00,3510.00,3510.00,2632.50,877.50,75,2026-07-20T10:00:00+05:30,2026-08-18T10:00:00+05:30
bud_3fb6de24,trp_e5ff1490,120000.00,INR,43200.00,21600.00,21600.00,16200.00,5400.00,90,2026-02-01T10:00:00+05:30,2026-08-18T10:00:00+05:30
bud_dacf6ea7,trp_c31653d2,44000.00,INR,15840.00,7920.00,7920.00,5940.00,1980.00,80,2026-05-23T10:00:00+05:30,2026-08-18T10:00:00+05:30
bud_3b068d5d,trp_ebe52e65,154000.00,INR,55440.00,27720.00,27720.00,20790.00,6930.00,85,2026-03-19T10:00:00+05:30,2026-08-18T10:00:00+05:30
bud_d673c08c,trp_95715c8a,12500.00,INR,4500.00,2250.00,2250.00,1687.50,562.50,85,2026-06-25T10:00:00+05:30,2026-08-18T10:00:00+05:30
bud_79e549df,trp_ab774ec9,25260.00,THB,9093.60,4546.80,4546.80,3410.10,1136.70,80,2026-08-04T10:00:00+05:30,2026-08-18T10:00:00+05:30
bud_702570a3,trp_f8995cd0,48000.00,INR,17280.00,8640.00,8640.00,6480.00,2160.00,75,2026-07-14T10:00:00+05:30,2026-08-18T10:00:00+05:30
bud_8232c008,trp_2472305e,3700.00,MVR,1332.00,666.00,666.00,499.50,166.50,75,2026-02-12T10:00:00+05:30,2026-08-18T10:00:00+05:30
bud_5d59419e,trp_24b6d605,7400.00,MVR,2664.00,1332.00,1332.00,999.00,333.00,75,2026-03-19T10:00:00+05:30,2026-08-18T10:00:00+05:30
bud_c4ebd806,trp_91d592b2,52000.00,INR,18720.00,9360.00,9360.00,7020.00,2340.00,80,2026-04-14T10:00:00+05:30,2026-08-18T10:00:00+05:30
bud_9d33f856,trp_bcc3e676,10000.00,INR,3600.00,1800.00,1800.00,1350.00,450.00,90,2026-03-26T10:00:00+05:30,2026-08-18T10:00:00+05:30
bud_5baf1af8,trp_e469328d,7800000.00,IDR,2808000.00,1404000.00,1404000.00,1053000.00,351000.00,75,2026-06-04T10:00:00+05:30,2026-08-18T10:00:00+05:30
bud_8910ddce,trp_cb526c8f,40000.00,INR,14400.00,7200.00,7200.00,5400.00,1800.00,90,2026-02-25T10:00:00+05:30,2026-08-18T10:00:00+05:30
bud_52e58beb,trp_47080e5b,156000.00,INR,56160.00,28080.00,28080.00,21060.00,7020.00,90,2026-06-19T10:00:00+05:30,2026-08-18T10:00:00+05:30
bud_6fe56590,trp_d1b2a8eb,32000.00,INR,11520.00,5760.00,5760.00,4320.00,1440.00,75,2026-03-04T10:00:00+05:30,2026-08-18T10:00:00+05:30
bud_d0576495,trp_b2aef743,26000.00,INR,9360.00,4680.00,4680.00,3510.00,1170.00,75,2026-03-10T10:00:00+05:30,2026-08-18T10:00:00+05:30
bud_e8efe101,trp_9805085a,16000.00,NPR,5760.00,2880.00,2880.00,2160.00,720.00,90,2026-02-21T10:00:00+05:30,2026-08-18T10:00:00+05:30
bud_8f66aa69,trp_3faed012,220000.00,INR,79200.00,39600.00,39600.00,29700.00,9900.00,75,2026-04-02T10:00:00+05:30,2026-08-18T10:00:00+05:30
bud_d1acc192,trp_7a22e52a,52000.00,INR,18720.00,9360.00,9360.00,7020.00,2340.00,90,2026-04-25T10:00:00+05:30,2026-08-18T10:00:00+05:30
bud_1e5ceba7,trp_cab596c9,26000.00,INR,9360.00,4680.00,4680.00,3510.00,1170.00,85,2026-02-15T10:00:00+05:30,2026-08-18T10:00:00+05:30
bud_dd4e620a,trp_3addadca,231.00,CHF,83.16,41.58,41.58,31.18,10.40,80,2026-07-30T10:00:00+05:30,2026-08-18T10:00:00+05:30
bud_d81e1e38,trp_acaf45e7,104000.00,INR,37440.00,18720.00,18720.00,14040.00,4680.00,80,2026-06-08T10:00:00+05:30,2026-08-18T10:00:00+05:30
bud_75753663,trp_53f18756,1058.40,AED,381.03,190.51,190.51,142.88,47.63,85,2026-03-10T10:00:00+05:30,2026-08-18T10:00:00+05:30
bud_b3d720c4,trp_13f532df,40000.00,INR,14400.00,7200.00,7200.00,5400.00,1800.00,85,2026-05-01T10:00:00+05:30,2026-08-18T10:00:00+05:30
bud_5113adcb,trp_234af87a,44000.00,INR,15840.00,7920.00,7920.00,5940.00,1980.00,80,2026-05-08T10:00:00+05:30,2026-08-18T10:00:00+05:30
bud_77d8268f,trp_fd4e6af3,25740000.00,IDR,9266400.00,4633200.00,4633200.00,3474900.00,1158300.00,75,2026-07-04T10:00:00+05:30,2026-08-18T10:00:00+05:30
bud_fc8e5956,trp_2b1c9a53,208000.00,INR,74880.00,37440.00,37440.00,28080.00,9360.00,75,2026-06-16T10:00:00+05:30,2026-08-18T10:00:00+05:30
bud_beb0718b,trp_058d5aea,33000.00,INR,11880.00,5940.00,5940.00,4455.00,1485.00,90,2026-06-02T10:00:00+05:30,2026-08-18T10:00:00+05:30
bud_8d40742f,trp_f83ed4d2,30000.00,INR,10800.00,5400.00,5400.00,4050.00,1350.00,85,2026-06-15T10:00:00+05:30,2026-08-18T10:00:00+05:30
bud_a0eecf37,trp_de13b938,100000.00,INR,36000.00,18000.00,18000.00,13500.00,4500.00,80,2026-08-05T10:00:00+05:30,2026-08-18T10:00:00+05:30
bud_33b31deb,trp_572d4b08,39000.00,INR,14040.00,7020.00,7020.00,5265.00,1755.00,75,2026-06-18T10:00:00+05:30,2026-08-18T10:00:00+05:30
bud_6fe40c03,trp_3a5885a5,20000.00,INR,7200.00,3600.00,3600.00,2700.00,900.00,85,2026-04-27T10:00:00+05:30,2026-08-18T10:00:00+05:30
bud_fadd7f8f,trp_ba83403f,80000.00,INR,28800.00,14400.00,14400.00,10800.00,3600.00,85,2026-04-02T10:00:00+05:30,2026-08-18T10:00:00+05:30
bud_9a2eb7c6,trp_97bcd5c8,144000.00,INR,51840.00,25920.00,25920.00,19440.00,6480.00,80,2026-02-07T10:00:00+05:30,2026-08-18T10:00:00+05:30
bud_5fd5dbd8,trp_1f82c042,32417.00,THB,11670.12,5835.06,5835.06,4376.29,1458.77,90,2026-08-03T10:00:00+05:30,2026-08-18T10:00:00+05:30
bud_da377881,trp_cafb851c,13000.00,INR,4680.00,2340.00,2340.00,1755.00,585.00,90,2026-07-20T10:00:00+05:30,2026-08-18T10:00:00+05:30
bud_0eed72e6,trp_df4fb834,100000.00,INR,36000.00,18000.00,18000.00,13500.00,4500.00,90,2026-06-09T10:00:00+05:30,2026-08-18T10:00:00+05:30
bud_483acbfa,trp_16836146,44000.00,INR,15840.00,7920.00,7920.00,5940.00,1980.00,90,2026-06-12T10:00:00+05:30,2026-08-18T10:00:00+05:30
bud_b5975f2d,trp_45a660c5,78000.00,INR,28080.00,14040.00,14040.00,10530.00,3510.00,80,2026-04-01T10:00:00+05:30,2026-08-18T10:00:00+05:30
bud_c11a793e,trp_a8e65113,53250.00,LKR,19170.00,9585.00,9585.00,7188.75,2396.25,80,2026-04-29T10:00:00+05:30,2026-08-18T10:00:00+05:30
bud_4a011aed,trp_95ffc5b8,66000.00,INR,23760.00,11880.00,11880.00,8910.00,2970.00,85,2026-07-20T10:00:00+05:30,2026-08-18T10:00:00+05:30
bud_77bc9502,trp_418cd9f5,66000.00,INR,23760.00,11880.00,11880.00,8910.00,2970.00,85,2026-06-09T10:00:00+05:30,2026-08-18T10:00:00+05:30
bud_940b65cb,trp_fe962840,38400.00,NPR,13824.00,6912.00,6912.00,5184.00,1728.00,80,2026-04-24T10:00:00+05:30,2026-08-18T10:00:00+05:30
bud_39bc2be2,trp_60fe0650,10000.00,INR,3600.00,1800.00,1800.00,1350.00,450.00,80,2026-04-18T10:00:00+05:30,2026-08-18T10:00:00+05:30
bud_6f14767d,trp_3e1f142c,440000.00,INR,158400.00,79200.00,79200.00,59400.00,19800.00,80,2026-04-14T10:00:00+05:30,2026-08-18T10:00:00+05:30
bud_ac5b47b8,trp_f1bbbfc4,48000.00,INR,17280.00,8640.00,8640.00,6480.00,2160.00,80,2026-07-07T10:00:00+05:30,2026-08-18T10:00:00+05:30
bud_1bdfecea,trp_e19281ce,91000.00,INR,32760.00,16380.00,16380.00,12285.00,4095.00,90,2026-03-14T10:00:00+05:30,2026-08-18T10:00:00+05:30
bud_64893080,trp_f45d3ef9,10000.00,INR,3600.00,1800.00,1800.00,1350.00,450.00,80,2026-02-14T10:00:00+05:30,2026-08-18T10:00:00+05:30
bud_fa06a190,trp_d44e94e7,41600.00,NPR,14976.00,7488.00,7488.00,5616.00,1872.00,75,2026-07-29T10:00:00+05:30,2026-08-18T10:00:00+05:30
bud_d9a934d8,trp_897d9724,39000.00,INR,14040.00,7020.00,7020.00,5265.00,1755.00,80,2026-06-25T10:00:00+05:30,2026-08-18T10:00:00+05:30
bud_13ffd206,trp_e16227b5,45500.00,INR,16380.00,8190.00,8190.00,6142.50,2047.50,80,2026-05-03T10:00:00+05:30,2026-08-18T10:00:00+05:30
bud_a7221e98,trp_edc2177c,195000.00,INR,70200.00,35100.00,35100.00,26325.00,8775.00,85,2026-05-17T10:00:00+05:30,2026-08-18T10:00:00+05:30
bud_804db84d,trp_67de89e5,35000.00,INR,12600.00,6300.00,6300.00,4725.00,1575.00,85,2026-07-26T10:00:00+05:30,2026-08-18T10:00:00+05:30
bud_03b3d3e0,trp_22fefa8b,13000.00,INR,4680.00,2340.00,2340.00,1755.00,585.00,80,2026-06-28T10:00:00+05:30,2026-08-18T10:00:00+05:30
bud_463372a3,trp_773ff3c5,32500.00,INR,11700.00,5850.00,5850.00,4387.50,1462.50,75,2026-07-19T10:00:00+05:30,2026-08-18T10:00:00+05:30
bud_3b61b3da,trp_73f84cd3,66000.00,INR,23760.00,11880.00,11880.00,8910.00,2970.00,85,2026-07-09T10:00:00+05:30,2026-08-18T10:00:00+05:30
bud_1643276a,trp_f2bf08e7,100000.00,INR,36000.00,18000.00,18000.00,13500.00,4500.00,75,2026-04-13T10:00:00+05:30,2026-08-18T10:00:00+05:30
bud_e9064b61,trp_154f5086,2425.50,AED,873.18,436.59,436.59,327.44,109.15,85,2026-06-30T10:00:00+05:30,2026-08-18T10:00:00+05:30
bud_e7fe1a27,trp_e59e0b3d,462000.00,INR,166320.00,83160.00,83160.00,62370.00,20790.00,90,2026-02-08T10:00:00+05:30,2026-08-18T10:00:00+05:30
bud_21dcaf87,trp_1b20de3f,35000.00,INR,12600.00,6300.00,6300.00,4725.00,1575.00,80,2026-03-04T10:00:00+05:30,2026-08-18T10:00:00+05:30
bud_206ceefe,trp_0c58e20b,26000.00,INR,9360.00,4680.00,4680.00,3510.00,1170.00,75,2026-06-09T10:00:00+05:30,2026-08-18T10:00:00+05:30
bud_3eb2efc4,trp_9b05bb65,176000.00,INR,63360.00,31680.00,31680.00,23760.00,7920.00,80,2026-04-22T10:00:00+05:30,2026-08-18T10:00:00+05:30
bud_524d6c7e,trp_86a8180b,12000.00,INR,4320.00,2160.00,2160.00,1620.00,540.00,85,2026-04-11T10:00:00+05:30,2026-08-18T10:00:00+05:30
bud_a62bdaa7,trp_0c4edd73,20000.00,INR,7200.00,3600.00,3600.00,2700.00,900.00,80,2026-03-14T10:00:00+05:30,2026-08-18T10:00:00+05:30
bud_d498bd0f,trp_6dccaaae,28000.00,INR,10080.00,5040.00,5040.00,3780.00,1260.00,85,2026-03-16T10:00:00+05:30,2026-08-18T10:00:00+05:30
bud_b5fe43cc,trp_3d0f7e84,56000.00,INR,20160.00,10080.00,10080.00,7560.00,2520.00,85,2026-07-07T10:00:00+05:30,2026-08-18T10:00:00+05:30
bud_a30f6464,trp_87c1afde,132000.00,INR,47520.00,23760.00,23760.00,17820.00,5940.00,75,2026-06-29T10:00:00+05:30,2026-08-18T10:00:00+05:30
bud_b722e488,trp_1958f050,50000.00,INR,18000.00,9000.00,9000.00,6750.00,2250.00,85,2026-04-26T10:00:00+05:30,2026-08-18T10:00:00+05:30
bud_6c6368b5,trp_fad7e244,19500.00,INR,7020.00,3510.00,3510.00,2632.50,877.50,80,2026-06-30T10:00:00+05:30,2026-08-18T10:00:00+05:30
bud_55b7b1c0,trp_feb381e2,39000.00,INR,14040.00,7020.00,7020.00,5265.00,1755.00,85,2026-07-16T10:00:00+05:30,2026-08-18T10:00:00+05:30
bud_66a33059,trp_9dfd38b4,132000.00,INR,47520.00,23760.00,23760.00,17820.00,5940.00,80,2026-05-29T10:00:00+05:30,2026-08-18T10:00:00+05:30
bud_08292e96,trp_a090d1f1,12000.00,INR,4320.00,2160.00,2160.00,1620.00,540.00,75,2026-05-16T10:00:00+05:30,2026-08-18T10:00:00+05:30
bud_649b8c7b,trp_8e052cdf,45500.00,INR,16380.00,8190.00,8190.00,6142.50,2047.50,80,2026-05-01T10:00:00+05:30,2026-08-18T10:00:00+05:30
bud_2737121f,trp_db8edb3f,241.50,SGD,86.94,43.47,43.47,32.60,10.87,85,2026-04-20T10:00:00+05:30,2026-08-18T10:00:00+05:30
bud_0cbc593f,trp_fd96ecd9,5180.00,MVR,1864.80,932.40,932.40,699.30,233.10,80,2026-03-19T10:00:00+05:30,2026-08-18T10:00:00+05:30
bud_812c53b9,trp_a22b16f6,154000.00,INR,55440.00,27720.00,27720.00,20790.00,6930.00,90,2026-04-22T10:00:00+05:30,2026-08-18T10:00:00+05:30
bud_d175f50e,trp_aa498437,10000.00,INR,3600.00,1800.00,1800.00,1350.00,450.00,80,2026-08-06T10:00:00+05:30,2026-08-18T10:00:00+05:30
bud_1b7e82bd,trp_70ac83bf,26000.00,INR,9360.00,4680.00,4680.00,3510.00,1170.00,75,2026-04-25T10:00:00+05:30,2026-08-18T10:00:00+05:30
bud_deb85e5b,trp_10a5cdc9,78000.00,INR,28080.00,14040.00,14040.00,10530.00,3510.00,90,2026-06-03T10:00:00+05:30,2026-08-18T10:00:00+05:30
bud_9619c610,trp_997cc8cc,14800.00,MVR,5328.00,2664.00,2664.00,1998.00,666.00,85,2026-03-20T10:00:00+05:30,2026-08-18T10:00:00+05:30
bud_69073c84,trp_0c34e3f4,312000.00,INR,112320.00,56160.00,56160.00,42120.00,14040.00,90,2026-04-18T10:00:00+05:30,2026-08-18T10:00:00+05:30
bud_3a03c1da,trp_fefb6d73,52000.00,INR,18720.00,9360.00,9360.00,7020.00,2340.00,85,2026-02-17T10:00:00+05:30,2026-08-18T10:00:00+05:30
bud_1180c131,trp_520dc671,88000.00,INR,31680.00,15840.00,15840.00,11880.00,3960.00,90,2026-08-08T10:00:00+05:30,2026-08-18T10:00:00+05:30
bud_be81c448,trp_8cceaae7,44000.00,INR,15840.00,7920.00,7920.00,5940.00,1980.00,80,2026-03-09T10:00:00+05:30,2026-08-18T10:00:00+05:30
bud_be8054fe,trp_26ad6ac9,60000.00,INR,21600.00,10800.00,10800.00,8100.00,2700.00,75,2026-06-06T10:00:00+05:30,2026-08-18T10:00:00+05:30
bud_bc388bae,trp_4b9e6595,6337500.00,IDR,2281500.00,1140750.00,1140750.00,855562.50,285187.50,90,2026-05-16T10:00:00+05:30,2026-08-18T10:00:00+05:30
bud_90bc7347,trp_9e0e3864,16000.00,INR,5760.00,2880.00,2880.00,2160.00,720.00,90,2026-03-06T10:00:00+05:30,2026-08-18T10:00:00+05:30
bud_6d685a01,trp_67a041ab,83200.00,NPR,29952.00,14976.00,14976.00,11232.00,3744.00,85,2026-02-04T10:00:00+05:30,2026-08-18T10:00:00+05:30
bud_fcde55ee,trp_2fee6106,20000.00,INR,7200.00,3600.00,3600.00,2700.00,900.00,90,2026-04-19T10:00:00+05:30,2026-08-18T10:00:00+05:30
bud_15c01f46,trp_ca5546b3,104000.00,INR,37440.00,18720.00,18720.00,14040.00,4680.00,75,2026-03-24T10:00:00+05:30,2026-08-18T10:00:00+05:30
bud_e6fefd4b,trp_34f84795,5155.20,MYR,1855.87,927.94,927.94,695.95,231.98,80,2026-08-03T10:00:00+05:30,2026-08-18T10:00:00+05:30
bud_c9b8fac4,trp_cb6840c6,110000.00,INR,39600.00,19800.00,19800.00,14850.00,4950.00,85,2026-07-18T10:00:00+05:30,2026-08-18T10:00:00+05:30
bud_b914335f,trp_6b3bd54e,80000.00,INR,28800.00,14400.00,14400.00,10800.00,3600.00,75,2026-06-30T10:00:00+05:30,2026-08-18T10:00:00+05:30
bud_77b4d1e5,trp_0e4afde6,7500.00,INR,2700.00,1350.00,1350.00,1012.50,337.50,75,2026-03-23T10:00:00+05:30,2026-08-18T10:00:00+05:30
bud_4b3cf576,trp_bd69fea3,20000.00,INR,7200.00,3600.00,3600.00,2700.00,900.00,85,2026-02-24T10:00:00+05:30,2026-08-18T10:00:00+05:30
bud_72e0c060,trp_89b7c125,77000.00,INR,27720.00,13860.00,13860.00,10395.00,3465.00,85,2026-02-19T10:00:00+05:30,2026-08-18T10:00:00+05:30
bud_b85cc7c7,trp_bc0dd54e,1984.50,AED,714.42,357.21,357.21,267.91,89.30,90,2026-03-26T10:00:00+05:30,2026-08-18T10:00:00+05:30
bud_2d41edc0,trp_3a3fe157,45500.00,INR,16380.00,8190.00,8190.00,6142.50,2047.50,80,2026-05-05T10:00:00+05:30,2026-08-18T10:00:00+05:30
bud_f365e880,trp_844f6374,33000.00,INR,11880.00,5940.00,5940.00,4455.00,1485.00,85,2026-07-27T10:00:00+05:30,2026-08-18T10:00:00+05:30
bud_1a5d219f,trp_634a2f2f,136500.00,INR,49140.00,24570.00,24570.00,18427.50,6142.50,75,2026-02-17T10:00:00+05:30,2026-08-18T10:00:00+05:30
bud_08b1ada5,trp_bbf16dcd,330000.00,INR,118800.00,59400.00,59400.00,44550.00,14850.00,90,2026-06-19T10:00:00+05:30,2026-08-18T10:00:00+05:30
bud_8003a916,trp_0eaece39,96000.00,INR,34560.00,17280.00,17280.00,12960.00,4320.00,90,2026-07-30T10:00:00+05:30,2026-08-18T10:00:00+05:30
bud_008fd206,trp_c39c8f75,308000.00,INR,110880.00,55440.00,55440.00,41580.00,13860.00,85,2026-07-11T10:00:00+05:30,2026-08-18T10:00:00+05:30
bud_f0701ef1,trp_c2089a00,30000.00,INR,10800.00,5400.00,5400.00,4050.00,1350.00,90,2026-03-24T10:00:00+05:30,2026-08-18T10:00:00+05:30
bud_f887991b,trp_73e63df2,52000.00,INR,18720.00,9360.00,9360.00,7020.00,2340.00,90,2026-02-10T10:00:00+05:30,2026-08-18T10:00:00+05:30
bud_cc285a1c,trp_c59e8ff4,66000.00,INR,23760.00,11880.00,11880.00,8910.00,2970.00,80,2026-05-12T10:00:00+05:30,2026-08-18T10:00:00+05:30
bud_4c7a27ee,trp_299b74ad,75000.00,INR,27000.00,13500.00,13500.00,10125.00,3375.00,80,2026-03-14T10:00:00+05:30,2026-08-18T10:00:00+05:30
bud_010f316d,trp_6579c710,75000.00,INR,27000.00,13500.00,13500.00,10125.00,3375.00,85,2026-04-15T10:00:00+05:30,2026-08-18T10:00:00+05:30
bud_ef72a96b,trp_9f0e2c12,10000.00,INR,3600.00,1800.00,1800.00,1350.00,450.00,75,2026-07-15T10:00:00+05:30,2026-08-18T10:00:00+05:30
bud_a83ac548,trp_ca70f1c6,78000.00,INR,28080.00,14040.00,14040.00,10530.00,3510.00,85,2026-05-27T10:00:00+05:30,2026-08-18T10:00:00+05:30
bud_c8265d73,trp_5f84d260,44000.00,INR,15840.00,7920.00,7920.00,5940.00,1980.00,75,2026-03-05T10:00:00+05:30,2026-08-18T10:00:00+05:30
bud_75a94ea5,trp_2f330bc2,91000.00,INR,32760.00,16380.00,16380.00,12285.00,4095.00,80,2026-06-12T10:00:00+05:30,2026-08-18T10:00:00+05:30
bud_1ba6454f,trp_3b4b53a6,136500.00,INR,49140.00,24570.00,24570.00,18427.50,6142.50,85,2026-03-27T10:00:00+05:30,2026-08-18T10:00:00+05:30
bud_95e6d303,trp_42b0f9e2,40000.00,INR,14400.00,7200.00,7200.00,5400.00,1800.00,85,2026-06-16T10:00:00+05:30,2026-08-18T10:00:00+05:30
bud_925cda48,trp_8ec37f48,91000.00,INR,32760.00,16380.00,16380.00,12285.00,4095.00,80,2026-07-09T10:00:00+05:30,2026-08-18T10:00:00+05:30
bud_02ad8f36,trp_1bb1485b,48000.00,INR,17280.00,8640.00,8640.00,6480.00,2160.00,85,2026-05-01T10:00:00+05:30,2026-08-18T10:00:00+05:30
bud_c4bd9b29,trp_12961d3c,30000.00,INR,10800.00,5400.00,5400.00,4050.00,1350.00,80,2026-04-30T10:00:00+05:30,2026-08-18T10:00:00+05:30
bud_8123d41e,trp_411ac676,44000.00,INR,15840.00,7920.00,7920.00,5940.00,1980.00,85,2026-02-16T10:00:00+05:30,2026-08-18T10:00:00+05:30
bud_c024adaf,trp_75b9d7b8,20000.00,INR,7200.00,3600.00,3600.00,2700.00,900.00,90,2026-08-08T10:00:00+05:30,2026-08-18T10:00:00+05:30
bud_8b9a3663,trp_d46d667f,35520.00,MVR,12787.20,6393.60,6393.60,4795.20,1598.40,80,2026-02-25T10:00:00+05:30,2026-08-18T10:00:00+05:30
bud_2c4c3cff,trp_4e648420,20000.00,INR,7200.00,3600.00,3600.00,2700.00,900.00,80,2026-06-13T10:00:00+05:30,2026-08-18T10:00:00+05:30
bud_314d373e,trp_d17c30b0,117000.00,INR,42120.00,21060.00,21060.00,15795.00,5265.00,80,2026-05-26T10:00:00+05:30,2026-08-18T10:00:00+05:30
bud_68ccd688,trp_37763b22,26000.00,INR,9360.00,4680.00,4680.00,3510.00,1170.00,80,2026-07-18T10:00:00+05:30,2026-08-18T10:00:00+05:30
bud_8e178074,trp_19a962e4,10000.00,INR,3600.00,1800.00,1800.00,1350.00,450.00,90,2026-05-11T10:00:00+05:30,2026-08-18T10:00:00+05:30
bud_ae0b5478,trp_d98bd293,44000.00,INR,15840.00,7920.00,7920.00,5940.00,1980.00,90,2026-06-07T10:00:00+05:30,2026-08-18T10:00:00+05:30
bud_e2b74dd7,trp_4950beba,64000.00,INR,23040.00,11520.00,11520.00,8640.00,2880.00,75,2026-04-21T10:00:00+05:30,2026-08-18T10:00:00+05:30
bud_3e488866,trp_0bf61ffe,33000.00,BTN,11880.00,5940.00,5940.00,4455.00,1485.00,85,2026-04-28T10:00:00+05:30,2026-08-18T10:00:00+05:30
bud_bed9517f,trp_0cf04e06,176000.00,INR,63360.00,31680.00,31680.00,23760.00,7920.00,75,2026-05-18T10:00:00+05:30,2026-08-18T10:00:00+05:30
bud_fab02349,trp_6ff162fb,9262.00,THB,3334.32,1667.16,1667.16,1250.37,416.79,75,2026-06-05T10:00:00+05:30,2026-08-18T10:00:00+05:30
bud_8891f842,trp_f61c2fce,16000.00,INR,5760.00,2880.00,2880.00,2160.00,720.00,90,2026-03-16T10:00:00+05:30,2026-08-18T10:00:00+05:30
bud_a327af86,trp_57a36f81,3700.00,MVR,1332.00,666.00,666.00,499.50,166.50,85,2026-05-17T10:00:00+05:30,2026-08-18T10:00:00+05:30
bud_4094d2d3,trp_82116fda,154000.00,INR,55440.00,27720.00,27720.00,20790.00,6930.00,85,2026-07-03T10:00:00+05:30,2026-08-18T10:00:00+05:30
bud_e3074367,trp_f57f5855,113600.00,LKR,40896.00,20448.00,20448.00,15336.00,5112.00,80,2026-03-27T10:00:00+05:30,2026-08-18T10:00:00+05:30
bud_0662aba4,trp_00dab028,65000.00,INR,23400.00,11700.00,11700.00,8775.00,2925.00,90,2026-06-03T10:00:00+05:30,2026-08-18T10:00:00+05:30
bud_3674aa2f,trp_df3f7a38,88000.00,INR,31680.00,15840.00,15840.00,11880.00,3960.00,90,2026-04-28T10:00:00+05:30,2026-08-18T10:00:00+05:30
bud_fbe491c9,trp_2f814928,26000.00,INR,9360.00,4680.00,4680.00,3510.00,1170.00,90,2026-07-09T10:00:00+05:30,2026-08-18T10:00:00+05:30
bud_d52309b6,trp_8adc5179,12870000.00,IDR,4633200.00,2316600.00,2316600.00,1737450.00,579150.00,85,2026-04-08T10:00:00+05:30,2026-08-18T10:00:00+05:30
bud_09856426,trp_4171ee4e,26000.00,INR,9360.00,4680.00,4680.00,3510.00,1170.00,90,2026-07-06T10:00:00+05:30,2026-08-18T10:00:00+05:30
bud_f9b7487f,trp_cfa5ee66,12800.00,NPR,4608.00,2304.00,2304.00,1728.00,576.00,80,2026-02-11T10:00:00+05:30,2026-08-18T10:00:00+05:30
bud_52477f56,trp_604a54fd,12500.00,INR,4500.00,2250.00,2250.00,1687.50,562.50,80,2026-04-08T10:00:00+05:30,2026-08-18T10:00:00+05:30
bud_7776bd53,trp_e31ab00a,32500.00,INR,11700.00,5850.00,5850.00,4387.50,1462.50,90,2026-04-03T10:00:00+05:30,2026-08-18T10:00:00+05:30
bud_159d48a0,trp_2a380c8a,39000.00,BTN,14040.00,7020.00,7020.00,5265.00,1755.00,80,2026-03-14T10:00:00+05:30,2026-08-18T10:00:00+05:30
bud_9f4157e6,trp_10f1523f,35000.00,INR,12600.00,6300.00,6300.00,4725.00,1575.00,80,2026-04-06T10:00:00+05:30,2026-08-18T10:00:00+05:30
bud_9568decb,trp_07ee6d2b,44000.00,INR,15840.00,7920.00,7920.00,5940.00,1980.00,80,2026-04-28T10:00:00+05:30,2026-08-18T10:00:00+05:30
bud_3724c638,trp_776da560,385000.00,INR,138600.00,69300.00,69300.00,51975.00,17325.00,90,2026-02-14T10:00:00+05:30,2026-08-18T10:00:00+05:30
bud_5fbed3ec,trp_e53d9a08,154000.00,INR,55440.00,27720.00,27720.00,20790.00,6930.00,80,2026-04-18T10:00:00+05:30,2026-08-18T10:00:00+05:30
bud_f5faa7ba,trp_cef915ff,20000.00,INR,7200.00,3600.00,3600.00,2700.00,900.00,85,2026-05-24T10:00:00+05:30,2026-08-18T10:00:00+05:30
bud_4f5feb03,trp_dbe8a03a,19500.00,INR,7020.00,3510.00,3510.00,2632.50,877.50,90,2026-07-08T10:00:00+05:30,2026-08-18T10:00:00+05:30
bud_e1bd12de,trp_c946e9df,65000.00,INR,23400.00,11700.00,11700.00,8775.00,2925.00,90,2026-06-22T10:00:00+05:30,2026-08-18T10:00:00+05:30
bud_a526697e,trp_03ce3598,32500.00,INR,11700.00,5850.00,5850.00,4387.50,1462.50,75,2026-07-31T10:00:00+05:30,2026-08-18T10:00:00+05:30
bud_d66e069d,trp_f6a466fb,48000.00,INR,17280.00,8640.00,8640.00,6480.00,2160.00,85,2026-03-26T10:00:00+05:30,2026-08-18T10:00:00+05:30
bud_a55e58cd,trp_f9407f9b,26000.00,INR,9360.00,4680.00,4680.00,3510.00,1170.00,90,2026-06-19T10:00:00+05:30,2026-08-18T10:00:00+05:30
bud_bd3663f1,trp_45ab4600,52000.00,INR,18720.00,9360.00,9360.00,7020.00,2340.00,80,2026-06-11T10:00:00+05:30,2026-08-18T10:00:00+05:30
bud_ecffd772,trp_bd664180,192000.00,INR,69120.00,34560.00,34560.00,25920.00,8640.00,85,2026-07-15T10:00:00+05:30,2026-08-18T10:00:00+05:30
bud_2d478291,trp_924dd4a3,2833.60,SGD,1020.09,510.05,510.05,382.54,127.51,85,2026-06-05T10:00:00+05:30,2026-08-18T10:00:00+05:30
bud_7cb37b89,trp_81b0e4f1,88000.00,INR,31680.00,15840.00,15840.00,11880.00,3960.00,75,2026-02-20T10:00:00+05:30,2026-08-18T10:00:00+05:30
bud_523fea7a,trp_d2c39f89,80000.00,INR,28800.00,14400.00,14400.00,10800.00,3600.00,75,2026-02-11T10:00:00+05:30,2026-08-18T10:00:00+05:30
bud_68a607e7,trp_f9b54c2c,120000.00,INR,43200.00,21600.00,21600.00,16200.00,5400.00,90,2026-04-22T10:00:00+05:30,2026-08-18T10:00:00+05:30
bud_cf9c7bd7,trp_89ad1eee,51200.00,NPR,18432.00,9216.00,9216.00,6912.00,2304.00,80,2026-08-06T10:00:00+05:30,2026-08-18T10:00:00+05:30
bud_66e29e61,trp_7f4c80ca,168000.00,INR,60480.00,30240.00,30240.00,22680.00,7560.00,75,2026-05-26T10:00:00+05:30,2026-08-18T10:00:00+05:30
bud_70458439,trp_97869c6a,39000.00,INR,14040.00,7020.00,7020.00,5265.00,1755.00,80,2026-02-05T10:00:00+05:30,2026-08-18T10:00:00+05:30
bud_9fb5bc5f,trp_360afa3a,8880.00,MVR,3196.80,1598.40,1598.40,1198.80,399.60,80,2026-07-22T10:00:00+05:30,2026-08-18T10:00:00+05:30
bud_ddc867d1,trp_8b6125c3,78000.00,INR,28080.00,14040.00,14040.00,10530.00,3510.00,75,2026-04-07T10:00:00+05:30,2026-08-18T10:00:00+05:30
bud_d24159b8,trp_f25ef2fa,227500.00,INR,81900.00,40950.00,40950.00,30712.50,10237.50,75,2026-07-19T10:00:00+05:30,2026-08-18T10:00:00+05:30
bud_36f9fcca,trp_db7b894e,48000.00,INR,17280.00,8640.00,8640.00,6480.00,2160.00,80,2026-04-22T10:00:00+05:30,2026-08-18T10:00:00+05:30
bud_5d126195,trp_08207645,60000.00,BTN,21600.00,10800.00,10800.00,8100.00,2700.00,85,2026-03-10T10:00:00+05:30,2026-08-18T10:00:00+05:30
bud_ddbb06d9,trp_bc925fdc,40000.00,INR,14400.00,7200.00,7200.00,5400.00,1800.00,85,2026-05-23T10:00:00+05:30,2026-08-18T10:00:00+05:30
bud_a27d891f,trp_4a6fffa7,132000.00,INR,47520.00,23760.00,23760.00,17820.00,5940.00,85,2026-08-06T10:00:00+05:30,2026-08-18T10:00:00+05:30
bud_584f9c81,trp_fda57035,24000.00,INR,8640.00,4320.00,4320.00,3240.00,1080.00,85,2026-07-04T10:00:00+05:30,2026-08-18T10:00:00+05:30
bud_89cc7a93,trp_c795bd25,92300.00,LKR,33228.00,16614.00,16614.00,12460.50,4153.50,85,2026-05-21T10:00:00+05:30,2026-08-18T10:00:00+05:30
bud_d8a9267b,trp_64030cdd,308000.00,INR,110880.00,55440.00,55440.00,41580.00,13860.00,90,2026-04-26T10:00:00+05:30,2026-08-18T10:00:00+05:30
bud_3cdbcc7f,trp_61372035,52500.00,INR,18900.00,9450.00,9450.00,7087.50,2362.50,90,2026-07-27T10:00:00+05:30,2026-08-18T10:00:00+05:30
bud_0f538406,trp_77576097,511200.00,LKR,184032.00,92016.00,92016.00,69012.00,23004.00,85,2026-07-26T10:00:00+05:30,2026-08-18T10:00:00+05:30
bud_70c56542,trp_6d082956,2577.60,MYR,927.93,463.97,463.97,347.98,115.99,75,2026-02-16T10:00:00+05:30,2026-08-18T10:00:00+05:30
bud_89bed51f,trp_92aba9c1,12500.00,INR,4500.00,2250.00,2250.00,1687.50,562.50,80,2026-06-23T10:00:00+05:30,2026-08-18T10:00:00+05:30
bud_9f12a25d,trp_8d9b71fd,38400.00,NPR,13824.00,6912.00,6912.00,5184.00,1728.00,90,2026-06-04T10:00:00+05:30,2026-08-18T10:00:00+05:30
bud_e6bf07c4,trp_8500bc75,39000.00,INR,14040.00,7020.00,7020.00,5265.00,1755.00,75,2026-07-20T10:00:00+05:30,2026-08-18T10:00:00+05:30
bud_18d0e94a,trp_06e06151,13000.00,INR,4680.00,2340.00,2340.00,1755.00,585.00,85,2026-02-27T10:00:00+05:30,2026-08-18T10:00:00+05:30
bud_f27d589f,trp_3eae7fcb,132000.00,INR,47520.00,23760.00,23760.00,17820.00,5940.00,85,2026-04-19T10:00:00+05:30,2026-08-18T10:00:00+05:30
bud_853f6dcc,trp_73c65d38,70400.00,NPR,25344.00,12672.00,12672.00,9504.00,3168.00,90,2026-03-17T10:00:00+05:30,2026-08-18T10:00:00+05:30
bud_b292eef7,trp_32136d40,130000.00,INR,46800.00,23400.00,23400.00,17550.00,5850.00,90,2026-05-24T10:00:00+05:30,2026-08-18T10:00:00+05:30
bud_aea675b0,trp_d10b37ba,5000.00,INR,1800.00,900.00,900.00,675.00,225.00,90,2026-07-06T10:00:00+05:30,2026-08-18T10:00:00+05:30
bud_ad2c2a16,trp_39a1ce04,88000.00,INR,31680.00,15840.00,15840.00,11880.00,3960.00,90,2026-06-22T10:00:00+05:30,2026-08-18T10:00:00+05:30
bud_c45f81df,trp_309cee62,1046.50,SGD,376.74,188.37,188.37,141.28,47.09,75,2026-05-22T10:00:00+05:30,2026-08-18T10:00:00+05:30
bud_510710f8,trp_223d5f10,312400.00,LKR,112464.00,56232.00,56232.00,42174.00,14058.00,85,2026-04-26T10:00:00+05:30,2026-08-18T10:00:00+05:30
bud_69fa3580,trp_e51fe665,15210000.00,IDR,5475600.00,2737800.00,2737800.00,2053350.00,684450.00,80,2026-03-28T10:00:00+05:30,2026-08-18T10:00:00+05:30
bud_8d2197e0,trp_dd037e63,19500.00,INR,7020.00,3510.00,3510.00,2632.50,877.50,75,2026-04-03T10:00:00+05:30,2026-08-18T10:00:00+05:30
bud_f3c54068,trp_6a550f89,208000.00,INR,74880.00,37440.00,37440.00,28080.00,9360.00,75,2026-05-31T10:00:00+05:30,2026-08-18T10:00:00+05:30
bud_0428a0f0,trp_4be0ba46,26000.00,BTN,9360.00,4680.00,4680.00,3510.00,1170.00,75,2026-02-04T10:00:00+05:30,2026-08-18T10:00:00+05:30
bud_7b7401de,trp_15632e85,91000.00,INR,32760.00,16380.00,16380.00,12285.00,4095.00,75,2026-02-15T10:00:00+05:30,2026-08-18T10:00:00+05:30
bud_0ad0eea7,trp_d7693837,50000.00,INR,18000.00,9000.00,9000.00,6750.00,2250.00,75,2026-06-08T10:00:00+05:30,2026-08-18T10:00:00+05:30
bud_53ac10b0,trp_9de9979d,7500.00,INR,2700.00,1350.00,1350.00,1012.50,337.50,80,2026-03-01T10:00:00+05:30,2026-08-18T10:00:00+05:30
bud_bf3b464e,trp_d03225c9,693.00,CHF,249.48,124.74,124.74,93.55,31.19,80,2026-06-04T10:00:00+05:30,2026-08-18T10:00:00+05:30
bud_4a977b4b,trp_07cf1d5b,142000.00,LKR,51120.00,25560.00,25560.00,19170.00,6390.00,90,2026-03-03T10:00:00+05:30,2026-08-18T10:00:00+05:30
bud_4ee081f7,trp_3912eedc,16000.00,INR,5760.00,2880.00,2880.00,2160.00,720.00,85,2026-08-02T10:00:00+05:30,2026-08-18T10:00:00+05:30
bud_4940f9b4,trp_1765a1ad,70000.00,INR,25200.00,12600.00,12600.00,9450.00,3150.00,90,2026-04-06T10:00:00+05:30,2026-08-18T10:00:00+05:30
bud_da874797,trp_aebbbd34,40000.00,INR,14400.00,7200.00,7200.00,5400.00,1800.00,85,2026-04-16T10:00:00+05:30,2026-08-18T10:00:00+05:30
bud_b183c0f9,trp_05fa9ee5,40000.00,INR,14400.00,7200.00,7200.00,5400.00,1800.00,75,2026-04-12T10:00:00+05:30,2026-08-18T10:00:00+05:30
bud_10ff7a21,trp_5df5ff0b,40000.00,INR,14400.00,7200.00,7200.00,5400.00,1800.00,80,2026-02-26T10:00:00+05:30,2026-08-18T10:00:00+05:30
bud_95e291c9,trp_6c9581df,60000.00,INR,21600.00,10800.00,10800.00,8100.00,2700.00,85,2026-04-08T10:00:00+05:30,2026-08-18T10:00:00+05:30
bud_8c447b65,trp_672c1a74,104000.00,INR,37440.00,18720.00,18720.00,14040.00,4680.00,80,2026-06-29T10:00:00+05:30,2026-08-18T10:00:00+05:30
bud_4ced5f58,trp_8080637f,3496.00,QAR,1258.56,629.28,629.28,471.96,157.32,75,2026-03-14T10:00:00+05:30,2026-08-18T10:00:00+05:30
bud_14e2f5d7,trp_19bd0b98,5000.00,INR,1800.00,900.00,900.00,675.00,225.00,85,2026-05-27T10:00:00+05:30,2026-08-18T10:00:00+05:30
bud_4ad25b81,trp_b32d3e05,7500.00,INR,2700.00,1350.00,1350.00,1012.50,337.50,80,2026-02-12T10:00:00+05:30,2026-08-18T10:00:00+05:30
bud_b46062d7,trp_2e6bf66f,28400.00,LKR,10224.00,5112.00,5112.00,3834.00,1278.00,75,2026-03-28T10:00:00+05:30,2026-08-18T10:00:00+05:30
bud_b63c4714,trp_e060228a,16000.00,INR,5760.00,2880.00,2880.00,2160.00,720.00,80,2026-02-22T10:00:00+05:30,2026-08-18T10:00:00+05:30
bud_0351458a,trp_12c07e4d,32000.00,INR,11520.00,5760.00,5760.00,4320.00,1440.00,85,2026-05-01T10:00:00+05:30,2026-08-18T10:00:00+05:30
bud_fe5f87ef,trp_39d6963e,36000.00,INR,12960.00,6480.00,6480.00,4860.00,1620.00,90,2026-03-17T10:00:00+05:30,2026-08-18T10:00:00+05:30
bud_b4956e3d,trp_ce0a9b4e,80000.00,INR,28800.00,14400.00,14400.00,10800.00,3600.00,75,2026-04-23T10:00:00+05:30,2026-08-18T10:00:00+05:30
bud_3420489a,trp_caf05844,50000.00,INR,18000.00,9000.00,9000.00,6750.00,2250.00,90,2026-02-21T10:00:00+05:30,2026-08-18T10:00:00+05:30
bud_af2d51aa,trp_1c384989,32000.00,INR,11520.00,5760.00,5760.00,4320.00,1440.00,85,2026-07-13T10:00:00+05:30,2026-08-18T10:00:00+05:30
bud_20598375,trp_66313d66,33000.00,INR,11880.00,5940.00,5940.00,4455.00,1485.00,80,2026-07-11T10:00:00+05:30,2026-08-18T10:00:00+05:30
bud_9da7957f,trp_0512bf41,75000.00,INR,27000.00,13500.00,13500.00,10125.00,3375.00,85,2026-08-07T10:00:00+05:30,2026-08-18T10:00:00+05:30
bud_b309c9cd,trp_3173cbf9,78000.00,INR,28080.00,14040.00,14040.00,10530.00,3510.00,85,2026-03-11T10:00:00+05:30,2026-08-18T10:00:00+05:30
bud_8e5d6978,trp_ffce7c33,40000.00,INR,14400.00,7200.00,7200.00,5400.00,1800.00,90,2026-02-10T10:00:00+05:30,2026-08-18T10:00:00+05:30
bud_3230e631,trp_4a2eb05b,19500.00,INR,7020.00,3510.00,3510.00,2632.50,877.50,90,2026-07-01T10:00:00+05:30,2026-08-18T10:00:00+05:30
bud_f164dab4,trp_09e8a8fb,33000.00,INR,11880.00,5940.00,5940.00,4455.00,1485.00,90,2026-03-03T10:00:00+05:30,2026-08-18T10:00:00+05:30
bud_ea3e2c9f,trp_f1eefc06,154000.00,INR,55440.00,27720.00,27720.00,20790.00,6930.00,75,2026-02-13T10:00:00+05:30,2026-08-18T10:00:00+05:30
bud_ff5313de,trp_79d0c6ca,136.50,CHF,49.14,24.57,24.57,18.43,6.14,90,2026-04-22T10:00:00+05:30,2026-08-18T10:00:00+05:30
bud_6d5c575c,trp_1094fbf4,50000.00,INR,18000.00,9000.00,9000.00,6750.00,2250.00,80,2026-07-21T10:00:00+05:30,2026-08-18T10:00:00+05:30
bud_ed2e5106,trp_831241e0,120000.00,INR,43200.00,21600.00,21600.00,16200.00,5400.00,85,2026-06-17T10:00:00+05:30,2026-08-18T10:00:00+05:30
bud_30ec9ad2,trp_a9d6d238,176000.00,INR,63360.00,31680.00,31680.00,23760.00,7920.00,90,2026-06-05T10:00:00+05:30,2026-08-18T10:00:00+05:30
bud_43f1e741,trp_ab6c0ec2,110000.00,INR,39600.00,19800.00,19800.00,14850.00,4950.00,85,2026-04-28T10:00:00+05:30,2026-08-18T10:00:00+05:30
bud_49e0eb07,trp_e8bed4a6,39000.00,INR,14040.00,7020.00,7020.00,5265.00,1755.00,75,2026-03-08T10:00:00+05:30,2026-08-18T10:00:00+05:30
bud_5d1c750f,trp_a7356ab0,40000.00,INR,14400.00,7200.00,7200.00,5400.00,1800.00,75,2026-04-13T10:00:00+05:30,2026-08-18T10:00:00+05:30
bud_31d6b9ef,trp_fe3977e6,100100.00,JPY,36036.00,18018.00,18018.00,13513.50,4504.50,80,2026-06-14T10:00:00+05:30,2026-08-18T10:00:00+05:30
bud_6e2c7e2c,trp_23669283,15000.00,INR,5400.00,2700.00,2700.00,2025.00,675.00,80,2026-04-26T10:00:00+05:30,2026-08-18T10:00:00+05:30
bud_6435f30f,trp_7aed1147,32000.00,INR,11520.00,5760.00,5760.00,4320.00,1440.00,80,2026-02-01T10:00:00+05:30,2026-08-18T10:00:00+05:30
bud_49e500b3,trp_be19b00c,330000.00,INR,118800.00,59400.00,59400.00,44550.00,14850.00,75,2026-04-01T10:00:00+05:30,2026-08-18T10:00:00+05:30
bud_20afc347,trp_093fb740,22000.00,INR,7920.00,3960.00,3960.00,2970.00,990.00,80,2026-04-16T10:00:00+05:30,2026-08-18T10:00:00+05:30
bud_c2702a57,trp_534769b0,40000.00,INR,14400.00,7200.00,7200.00,5400.00,1800.00,80,2026-04-15T10:00:00+05:30,2026-08-18T10:00:00+05:30
bud_ec9eeb16,trp_6c80cfa7,96000.00,INR,34560.00,17280.00,17280.00,12960.00,4320.00,90,2026-02-12T10:00:00+05:30,2026-08-18T10:00:00+05:30
bud_a097fc14,trp_26392ac8,66000.00,INR,23760.00,11880.00,11880.00,8910.00,2970.00,85,2026-06-30T10:00:00+05:30,2026-08-18T10:00:00+05:30
bud_e4165d51,trp_1a355cfe,16000.00,INR,5760.00,2880.00,2880.00,2160.00,720.00,85,2026-06-07T10:00:00+05:30,2026-08-18T10:00:00+05:30
bud_a3d6d572,trp_9f0fac81,273350.00,LKR,98406.00,49203.00,49203.00,36902.25,12300.75,85,2026-04-02T10:00:00+05:30,2026-08-18T10:00:00+05:30
bud_cf0a08ce,trp_c5887464,52500.00,INR,18900.00,9450.00,9450.00,7087.50,2362.50,90,2026-07-18T10:00:00+05:30,2026-08-18T10:00:00+05:30
bud_c06eb823,trp_a06a57e3,78000.00,INR,28080.00,14040.00,14040.00,10530.00,3510.00,90,2026-04-10T10:00:00+05:30,2026-08-18T10:00:00+05:30
bud_c71722c7,trp_67af61b6,37500.00,INR,13500.00,6750.00,6750.00,5062.50,1687.50,85,2026-04-11T10:00:00+05:30,2026-08-18T10:00:00+05:30
bud_04bfb8fa,trp_7f99f942,20000.00,INR,7200.00,3600.00,3600.00,2700.00,900.00,85,2026-06-03T10:00:00+05:30,2026-08-18T10:00:00+05:30
bud_578284f6,trp_5b0721fc,66000.00,INR,23760.00,11880.00,11880.00,8910.00,2970.00,75,2026-03-02T10:00:00+05:30,2026-08-18T10:00:00+05:30
bud_616ea867,trp_bb5e3651,30000.00,INR,10800.00,5400.00,5400.00,4050.00,1350.00,75,2026-07-30T10:00:00+05:30,2026-08-18T10:00:00+05:30
bud_21d20be4,trp_388e9bd8,20000.00,INR,7200.00,3600.00,3600.00,2700.00,900.00,75,2026-06-07T10:00:00+05:30,2026-08-18T10:00:00+05:30
bud_b262c6ff,trp_4b2dcdb7,72000.00,INR,25920.00,12960.00,12960.00,9720.00,3240.00,75,2026-03-24T10:00:00+05:30,2026-08-18T10:00:00+05:30
bud_7caa8a8b,trp_034ee3ea,132000.00,INR,47520.00,23760.00,23760.00,17820.00,5940.00,90,2026-03-27T10:00:00+05:30,2026-08-18T10:00:00+05:30
bud_ff5d2668,trp_7fa3c6c3,32000.00,INR,11520.00,5760.00,5760.00,4320.00,1440.00,90,2026-03-28T10:00:00+05:30,2026-08-18T10:00:00+05:30
bud_45aef540,trp_026533d5,113600.00,LKR,40896.00,20448.00,20448.00,15336.00,5112.00,90,2026-02-22T10:00:00+05:30,2026-08-18T10:00:00+05:30
bud_abf5dffd,trp_994c9a51,71000.00,LKR,25560.00,12780.00,12780.00,9585.00,3195.00,75,2026-02-06T10:00:00+05:30,2026-08-18T10:00:00+05:30
bud_8db7c54e,trp_520c7693,16000.00,INR,5760.00,2880.00,2880.00,2160.00,720.00,85,2026-06-28T10:00:00+05:30,2026-08-18T10:00:00+05:30
bud_d951ad2e,trp_60a62e81,10000.00,INR,3600.00,1800.00,1800.00,1350.00,450.00,85,2026-07-04T10:00:00+05:30,2026-08-18T10:00:00+05:30
bud_33eb645d,trp_6fb32210,40000.00,INR,14400.00,7200.00,7200.00,5400.00,1800.00,80,2026-02-08T10:00:00+05:30,2026-08-18T10:00:00+05:30
bud_37940dc9,trp_8e5f0010,120000.00,INR,43200.00,21600.00,21600.00,16200.00,5400.00,75,2026-07-03T10:00:00+05:30,2026-08-18T10:00:00+05:30
bud_5f5103e1,trp_1898ff3a,104000.00,INR,37440.00,18720.00,18720.00,14040.00,4680.00,80,2026-03-12T10:00:00+05:30,2026-08-18T10:00:00+05:30
bud_b2498882,trp_af330315,55000.00,INR,19800.00,9900.00,9900.00,7425.00,2475.00,90,2026-06-28T10:00:00+05:30,2026-08-18T10:00:00+05:30
bud_ecb2cfb5,trp_e1f3d0e8,3696.00,CHF,1330.56,665.28,665.28,498.96,166.32,75,2026-05-15T10:00:00+05:30,2026-08-18T10:00:00+05:30
bud_cee823a5,trp_b0a35602,44000.00,INR,15840.00,7920.00,7920.00,5940.00,1980.00,75,2026-04-11T10:00:00+05:30,2026-08-18T10:00:00+05:30
bud_796cc5fe,trp_d5b99837,20000.00,INR,7200.00,3600.00,3600.00,2700.00,900.00,85,2026-04-05T10:00:00+05:30,2026-08-18T10:00:00+05:30
bud_cb4da5d8,trp_8c33db0b,35000.00,INR,12600.00,6300.00,6300.00,4725.00,1575.00,80,2026-06-09T10:00:00+05:30,2026-08-18T10:00:00+05:30
bud_ff8dbdb7,trp_fbce8226,156000.00,INR,56160.00,28080.00,28080.00,21060.00,7020.00,90,2026-07-04T10:00:00+05:30,2026-08-18T10:00:00+05:30
bud_deed92df,trp_79045015,182000.00,INR,65520.00,32760.00,32760.00,24570.00,8190.00,80,2026-04-08T10:00:00+05:30,2026-08-18T10:00:00+05:30
bud_8870cc78,trp_f9ef6a50,39000.00,INR,14040.00,7020.00,7020.00,5265.00,1755.00,80,2026-07-08T10:00:00+05:30,2026-08-18T10:00:00+05:30
bud_9fe11ade,trp_a396cd51,32000.00,INR,11520.00,5760.00,5760.00,4320.00,1440.00,85,2026-03-04T10:00:00+05:30,2026-08-18T10:00:00+05:30
bud_70a2cb85,trp_5df54ac3,32000.00,NPR,11520.00,5760.00,5760.00,4320.00,1440.00,85,2026-05-25T10:00:00+05:30,2026-08-18T10:00:00+05:30
bud_22a383cc,trp_194fb6db,176000.00,INR,63360.00,31680.00,31680.00,23760.00,7920.00,75,2026-04-20T10:00:00+05:30,2026-08-18T10:00:00+05:30
bud_cf218d17,trp_5ac61fd8,12500.00,INR,4500.00,2250.00,2250.00,1687.50,562.50,85,2026-05-04T10:00:00+05:30,2026-08-18T10:00:00+05:30
bud_48e5d91d,trp_372d222b,44000.00,INR,15840.00,7920.00,7920.00,5940.00,1980.00,80,2026-03-21T10:00:00+05:30,2026-08-18T10:00:00+05:30
bud_6bfbb331,trp_536f04bd,30000.00,INR,10800.00,5400.00,5400.00,4050.00,1350.00,90,2026-06-01T10:00:00+05:30,2026-08-18T10:00:00+05:30
bud_5c80efb6,trp_bacdeb91,154000.00,INR,55440.00,27720.00,27720.00,20790.00,6930.00,80,2026-02-19T10:00:00+05:30,2026-08-18T10:00:00+05:30
bud_101e8c71,trp_27e50a35,176000.00,INR,63360.00,31680.00,31680.00,23760.00,7920.00,80,2026-05-26T10:00:00+05:30,2026-08-18T10:00:00+05:30
bud_13b852c3,trp_479e8ab9,176000.00,INR,63360.00,31680.00,31680.00,23760.00,7920.00,75,2026-07-11T10:00:00+05:30,2026-08-18T10:00:00+05:30
bud_af5dff9f,trp_73b4e062,70000.00,INR,25200.00,12600.00,12600.00,9450.00,3150.00,80,2026-05-07T10:00:00+05:30,2026-08-18T10:00:00+05:30
bud_c9494a7e,trp_cab2311d,66000.00,INR,23760.00,11880.00,11880.00,8910.00,2970.00,75,2026-07-04T10:00:00+05:30,2026-08-18T10:00:00+05:30
bud_cf9eff10,trp_d275f261,120120.00,JPY,43243.20,21621.60,21621.60,16216.20,5405.40,75,2026-05-04T10:00:00+05:30,2026-08-18T10:00:00+05:30
bud_4b84d73e,trp_1904a63d,48000.00,INR,17280.00,8640.00,8640.00,6480.00,2160.00,80,2026-05-09T10:00:00+05:30,2026-08-18T10:00:00+05:30
bud_6dafe94e,trp_f6f16cbd,462000.00,INR,166320.00,83160.00,83160.00,62370.00,20790.00,75,2026-05-31T10:00:00+05:30,2026-08-18T10:00:00+05:30
bud_a06ab43b,trp_9fcf6ecc,264000.00,INR,95040.00,47520.00,47520.00,35640.00,11880.00,75,2026-06-17T10:00:00+05:30,2026-08-18T10:00:00+05:30
bud_5ecea5e5,trp_550c7b3b,30000.00,INR,10800.00,5400.00,5400.00,4050.00,1350.00,90,2026-07-03T10:00:00+05:30,2026-08-18T10:00:00+05:30
bud_10862bad,trp_04666cc6,168000.00,INR,60480.00,30240.00,30240.00,22680.00,7560.00,75,2026-02-03T10:00:00+05:30,2026-08-18T10:00:00+05:30
bud_029c5ba2,trp_4360e4bd,10000.00,INR,3600.00,1800.00,1800.00,1350.00,450.00,85,2026-07-25T10:00:00+05:30,2026-08-18T10:00:00+05:30
bud_63ea86d1,trp_510db93a,26000.00,INR,9360.00,4680.00,4680.00,3510.00,1170.00,80,2026-05-17T10:00:00+05:30,2026-08-18T10:00:00+05:30
bud_36aef05f,trp_0e7cf08e,128000.00,INR,46080.00,23040.00,23040.00,17280.00,5760.00,85,2026-06-29T10:00:00+05:30,2026-08-18T10:00:00+05:30
bud_f14d8089,trp_9d4a5a9e,66000.00,INR,23760.00,11880.00,11880.00,8910.00,2970.00,85,2026-04-13T10:00:00+05:30,2026-08-18T10:00:00+05:30
bud_2c1eaf72,trp_1b3de2ea,22500.00,INR,8100.00,4050.00,4050.00,3037.50,1012.50,75,2026-07-14T10:00:00+05:30,2026-08-18T10:00:00+05:30
bud_4921f8a2,trp_13a7ffcc,25000.00,INR,9000.00,4500.00,4500.00,3375.00,1125.00,90,2026-07-22T10:00:00+05:30,2026-08-18T10:00:00+05:30
bud_2a7ec3e9,trp_26590ab5,100000.00,INR,36000.00,18000.00,18000.00,13500.00,4500.00,85,2026-04-04T10:00:00+05:30,2026-08-18T10:00:00+05:30
bud_a228f109,trp_42c7ee54,17500.00,INR,6300.00,3150.00,3150.00,2362.50,787.50,80,2026-07-13T10:00:00+05:30,2026-08-18T10:00:00+05:30
bud_7f88caec,trp_ab7c6472,352000.00,NPR,126720.00,63360.00,63360.00,47520.00,15840.00,80,2026-06-06T10:00:00+05:30,2026-08-18T10:00:00+05:30
bud_cd2124da,trp_c60c3b5a,156000.00,INR,56160.00,28080.00,28080.00,21060.00,7020.00,85,2026-05-05T10:00:00+05:30,2026-08-18T10:00:00+05:30
bud_a793299b,trp_35d620ca,1932.00,SGD,695.52,347.76,347.76,260.82,86.94,90,2026-04-21T10:00:00+05:30,2026-08-18T10:00:00+05:30
bud_3e55b07f,trp_0c86284d,352000.00,INR,126720.00,63360.00,63360.00,47520.00,15840.00,85,2026-04-07T10:00:00+05:30,2026-08-18T10:00:00+05:30
bud_cd380382,trp_79423633,58500.00,INR,21060.00,10530.00,10530.00,7897.50,2632.50,85,2026-05-19T10:00:00+05:30,2026-08-18T10:00:00+05:30
bud_d5ca0286,trp_c523a05c,165000.00,INR,59400.00,29700.00,29700.00,22275.00,7425.00,80,2026-08-05T10:00:00+05:30,2026-08-18T10:00:00+05:30
bud_8a3a3e9b,trp_ddc1ac3a,40000.00,INR,14400.00,7200.00,7200.00,5400.00,1800.00,80,2026-03-08T10:00:00+05:30,2026-08-18T10:00:00+05:30
bud_382624e6,trp_7c20b912,12500.00,INR,4500.00,2250.00,2250.00,1687.50,562.50,90,2026-05-05T10:00:00+05:30,2026-08-18T10:00:00+05:30
bud_392e34f1,trp_d13da5c8,273000.00,INR,98280.00,49140.00,49140.00,36855.00,12285.00,85,2026-04-28T10:00:00+05:30,2026-08-18T10:00:00+05:30
bud_2d45aa89,trp_1800f567,1323.00,AED,476.28,238.14,238.14,178.60,59.54,85,2026-03-26T10:00:00+05:30,2026-08-18T10:00:00+05:30
bud_f75de18a,trp_ccff079f,2756.25,AED,992.25,496.13,496.13,372.09,124.03,75,2026-07-30T10:00:00+05:30,2026-08-18T10:00:00+05:30
bud_0aceb7bb,trp_f74bdeb1,44000.00,INR,15840.00,7920.00,7920.00,5940.00,1980.00,85,2026-05-05T10:00:00+05:30,2026-08-18T10:00:00+05:30
bud_7b6a0828,trp_03e922d6,10000.00,INR,3600.00,1800.00,1800.00,1350.00,450.00,80,2026-03-30T10:00:00+05:30,2026-08-18T10:00:00+05:30
bud_777b77da,trp_11b70470,22500.00,INR,8100.00,4050.00,4050.00,3037.50,1012.50,90,2026-02-27T10:00:00+05:30,2026-08-18T10:00:00+05:30
bud_40948393,trp_503f7948,110000.00,INR,39600.00,19800.00,19800.00,14850.00,4950.00,75,2026-02-14T10:00:00+05:30,2026-08-18T10:00:00+05:30
bud_c80a690e,trp_ec11de60,154000.00,INR,55440.00,27720.00,27720.00,20790.00,6930.00,75,2026-03-01T10:00:00+05:30,2026-08-18T10:00:00+05:30
bud_9994931d,trp_0050ebc1,52000.00,INR,18720.00,9360.00,9360.00,7020.00,2340.00,90,2026-02-18T10:00:00+05:30,2026-08-18T10:00:00+05:30
bud_9b2939e8,trp_cdcc78b4,192000.00,INR,69120.00,34560.00,34560.00,25920.00,8640.00,85,2026-02-18T10:00:00+05:30,2026-08-18T10:00:00+05:30
bud_5d03d789,trp_22a4deac,83200.00,NPR,29952.00,14976.00,14976.00,11232.00,3744.00,80,2026-03-28T10:00:00+05:30,2026-08-18T10:00:00+05:30
bud_9cd13b57,trp_d9f8d682,66000.00,INR,23760.00,11880.00,11880.00,8910.00,2970.00,75,2026-03-05T10:00:00+05:30,2026-08-18T10:00:00+05:30
bud_44a1a885,trp_074ec52a,260000.00,INR,93600.00,46800.00,46800.00,35100.00,11700.00,85,2026-03-13T10:00:00+05:30,2026-08-18T10:00:00+05:30
bud_57389317,trp_b038cfbe,8000.00,INR,2880.00,1440.00,1440.00,1080.00,360.00,90,2026-04-16T10:00:00+05:30,2026-08-18T10:00:00+05:30
bud_a1bfbc40,trp_fa67785b,77000.00,INR,27720.00,13860.00,13860.00,10395.00,3465.00,80,2026-06-28T10:00:00+05:30,2026-08-18T10:00:00+05:30
bud_6f1fc1e1,trp_22d088b8,88000.00,INR,31680.00,15840.00,15840.00,11880.00,3960.00,85,2026-05-18T10:00:00+05:30,2026-08-18T10:00:00+05:30
bud_049ba3cf,trp_c4fe9d44,16000.00,INR,5760.00,2880.00,2880.00,2160.00,720.00,75,2026-04-18T10:00:00+05:30,2026-08-18T10:00:00+05:30
bud_13f9b5ac,trp_bcc5d027,78000.00,INR,28080.00,14040.00,14040.00,10530.00,3510.00,85,2026-02-15T10:00:00+05:30,2026-08-18T10:00:00+05:30
bud_2138fcab,trp_d729f422,65000.00,INR,23400.00,11700.00,11700.00,8775.00,2925.00,85,2026-03-02T10:00:00+05:30,2026-08-18T10:00:00+05:30
bud_739b7d31,trp_5d6b6f99,44000.00,INR,15840.00,7920.00,7920.00,5940.00,1980.00,85,2026-05-03T10:00:00+05:30,2026-08-18T10:00:00+05:30
bud_0e0c5a81,trp_5263ffa3,330000.00,INR,118800.00,59400.00,59400.00,44550.00,14850.00,90,2026-05-16T10:00:00+05:30,2026-08-18T10:00:00+05:30
bud_3d62308e,trp_33c5a895,104000.00,INR,37440.00,18720.00,18720.00,14040.00,4680.00,80,2026-07-18T10:00:00+05:30,2026-08-18T10:00:00+05:30
bud_c11737ec,trp_94e301b8,30000.00,INR,10800.00,5400.00,5400.00,4050.00,1350.00,75,2026-05-01T10:00:00+05:30,2026-08-18T10:00:00+05:30
bud_d3c66d76,trp_e900e96a,78000.00,INR,28080.00,14040.00,14040.00,10530.00,3510.00,85,2026-06-06T10:00:00+05:30,2026-08-18T10:00:00+05:30
bud_99278ea8,trp_377a871a,60000.00,INR,21600.00,10800.00,10800.00,8100.00,2700.00,85,2026-06-08T10:00:00+05:30,2026-08-18T10:00:00+05:30
bud_186fc843,trp_5ad6c4c8,22000.00,INR,7920.00,3960.00,3960.00,2970.00,990.00,90,2026-04-21T10:00:00+05:30,2026-08-18T10:00:00+05:30
bud_6faa7be1,trp_2d23dd64,45500.00,INR,16380.00,8190.00,8190.00,6142.50,2047.50,90,2026-01-31T10:00:00+05:30,2026-08-18T10:00:00+05:30
bud_101369a2,trp_31015abc,91000.00,INR,32760.00,16380.00,16380.00,12285.00,4095.00,90,2026-06-09T10:00:00+05:30,2026-08-18T10:00:00+05:30
bud_4b815aad,trp_9818ae06,40000.00,INR,14400.00,7200.00,7200.00,5400.00,1800.00,90,2026-07-17T10:00:00+05:30,2026-08-18T10:00:00+05:30
bud_6ee47de5,trp_9a841c7e,322.00,SGD,115.92,57.96,57.96,43.47,14.49,90,2026-03-01T10:00:00+05:30,2026-08-18T10:00:00+05:30
bud_e6a7aa75,trp_8c188c27,12000.00,INR,4320.00,2160.00,2160.00,1620.00,540.00,85,2026-02-12T10:00:00+05:30,2026-08-18T10:00:00+05:30
bud_be440118,trp_baeb9644,10000.00,INR,3600.00,1800.00,1800.00,1350.00,450.00,85,2026-07-11T10:00:00+05:30,2026-08-18T10:00:00+05:30
bud_598a7b53,trp_96b44a87,156000.00,INR,56160.00,28080.00,28080.00,21060.00,7020.00,75,2026-07-09T10:00:00+05:30,2026-08-18T10:00:00+05:30
bud_a4e197f8,trp_0e733795,26000.00,INR,9360.00,4680.00,4680.00,3510.00,1170.00,85,2026-08-03T10:00:00+05:30,2026-08-18T10:00:00+05:30
bud_b333358b,trp_63451510,40000.00,INR,14400.00,7200.00,7200.00,5400.00,1800.00,90,2026-04-15T10:00:00+05:30,2026-08-18T10:00:00+05:30
bud_a9405fae,trp_ed7e580e,91000.00,INR,32760.00,16380.00,16380.00,12285.00,4095.00,80,2026-05-26T10:00:00+05:30,2026-08-18T10:00:00+05:30
bud_a7bb1f58,trp_5b79ffd1,117000.00,INR,42120.00,21060.00,21060.00,15795.00,5265.00,90,2026-03-20T10:00:00+05:30,2026-08-18T10:00:00+05:30
bud_7f48fb90,trp_574e5595,33000.00,INR,11880.00,5940.00,5940.00,4455.00,1485.00,80,2026-06-17T10:00:00+05:30,2026-08-18T10:00:00+05:30
bud_17093cf7,trp_2035c85a,105000.00,INR,37800.00,18900.00,18900.00,14175.00,4725.00,80,2026-04-25T10:00:00+05:30,2026-08-18T10:00:00+05:30
bud_5c0c4453,trp_f7736bd6,24000.00,INR,8640.00,4320.00,4320.00,3240.00,1080.00,90,2026-07-10T10:00:00+05:30,2026-08-18T10:00:00+05:30
bud_79786e36,trp_f6031e74,5821.20,AED,2095.63,1047.82,1047.82,785.86,261.95,80,2026-08-05T10:00:00+05:30,2026-08-18T10:00:00+05:30
bud_bb82d446,trp_8b48ae6e,20000.00,INR,7200.00,3600.00,3600.00,2700.00,900.00,90,2026-04-01T10:00:00+05:30,2026-08-18T10:00:00+05:30
bud_6796048f,trp_cf3db507,32500.00,INR,11700.00,5850.00,5850.00,4387.50,1462.50,85,2026-04-04T10:00:00+05:30,2026-08-18T10:00:00+05:30
bud_ccf95d25,trp_25e25e9c,24000.00,INR,8640.00,4320.00,4320.00,3240.00,1080.00,90,2026-05-05T10:00:00+05:30,2026-08-18T10:00:00+05:30
bud_da286987,trp_ecb44c64,52000.00,INR,18720.00,9360.00,9360.00,7020.00,2340.00,90,2026-06-05T10:00:00+05:30,2026-08-18T10:00:00+05:30
bud_5048b23a,trp_2c538bd5,7605000.00,IDR,2737800.00,1368900.00,1368900.00,1026675.00,342225.00,90,2026-03-22T10:00:00+05:30,2026-08-18T10:00:00+05:30
bud_cf1d1786,trp_9eb0f5fe,260000.00,INR,93600.00,46800.00,46800.00,35100.00,11700.00,85,2026-07-19T10:00:00+05:30,2026-08-18T10:00:00+05:30
bud_ad79872f,trp_4c04b27d,39000.00,INR,14040.00,7020.00,7020.00,5265.00,1755.00,85,2026-03-22T10:00:00+05:30,2026-08-18T10:00:00+05:30
bud_ca200325,trp_32a84989,65000.00,INR,23400.00,11700.00,11700.00,8775.00,2925.00,80,2026-06-29T10:00:00+05:30,2026-08-18T10:00:00+05:30
bud_b66f8bc3,trp_76677b52,40000.00,INR,14400.00,7200.00,7200.00,5400.00,1800.00,85,2026-07-30T10:00:00+05:30,2026-08-18T10:00:00+05:30
bud_e981e6d8,trp_c9e5981e,48000.00,INR,17280.00,8640.00,8640.00,6480.00,2160.00,75,2026-07-14T10:00:00+05:30,2026-08-18T10:00:00+05:30
bud_459f83da,trp_835b8b9f,64000.00,INR,23040.00,11520.00,11520.00,8640.00,2880.00,85,2026-04-15T10:00:00+05:30,2026-08-18T10:00:00+05:30
bud_b4f1a2e1,trp_cf3635ee,12500.00,INR,4500.00,2250.00,2250.00,1687.50,562.50,85,2026-04-02T10:00:00+05:30,2026-08-18T10:00:00+05:30
bud_6c6985c4,trp_7507ac91,78000.00,INR,28080.00,14040.00,14040.00,10530.00,3510.00,90,2026-07-11T10:00:00+05:30,2026-08-18T10:00:00+05:30
bud_9199e4aa,trp_1af71903,52800.00,NPR,19008.00,9504.00,9504.00,7128.00,2376.00,85,2026-06-15T10:00:00+05:30,2026-08-18T10:00:00+05:30
bud_517e6e0b,trp_7a17c8a1,15000.00,INR,5400.00,2700.00,2700.00,2025.00,675.00,90,2026-03-20T10:00:00+05:30,2026-08-18T10:00:00+05:30
bud_0e4cc691,trp_73adc9df,24000.00,INR,8640.00,4320.00,4320.00,3240.00,1080.00,75,2026-02-12T10:00:00+05:30,2026-08-18T10:00:00+05:30
bud_6896e518,trp_c3b40723,24000.00,INR,8640.00,4320.00,4320.00,3240.00,1080.00,80,2026-03-25T10:00:00+05:30,2026-08-18T10:00:00+05:30
bud_8c996505,trp_96471330,40000.00,INR,14400.00,7200.00,7200.00,5400.00,1800.00,80,2026-02-21T10:00:00+05:30,2026-08-18T10:00:00+05:30
bud_9d02296c,trp_56eeb108,1058.40,AED,381.03,190.51,190.51,142.88,47.63,75,2026-03-08T10:00:00+05:30,2026-08-18T10:00:00+05:30
bud_7ed04e7a,trp_9bebde0c,52000.00,INR,18720.00,9360.00,9360.00,7020.00,2340.00,90,2026-05-16T10:00:00+05:30,2026-08-18T10:00:00+05:30
bud_918dab22,trp_adec5721,1569.75,SGD,565.11,282.55,282.55,211.92,70.64,85,2026-02-13T10:00:00+05:30,2026-08-18T10:00:00+05:30
bud_f7689be1,trp_d4204375,25000.00,INR,9000.00,4500.00,4500.00,3375.00,1125.00,80,2026-06-07T10:00:00+05:30,2026-08-18T10:00:00+05:30
bud_177905bc,trp_0629deb2,96000.00,INR,34560.00,17280.00,17280.00,12960.00,4320.00,75,2026-07-26T10:00:00+05:30,2026-08-18T10:00:00+05:30
bud_65983661,trp_cdb13358,37048.00,THB,13337.28,6668.64,6668.64,5001.48,1667.16,90,2026-08-08T10:00:00+05:30,2026-08-18T10:00:00+05:30
bud_71e99fb0,trp_c81c4b8e,33000.00,INR,11880.00,5940.00,5940.00,4455.00,1485.00,85,2026-07-14T10:00:00+05:30,2026-08-18T10:00:00+05:30
bud_abeff6a0,trp_d22f372f,40000.00,INR,14400.00,7200.00,7200.00,5400.00,1800.00,75,2026-03-18T10:00:00+05:30,2026-08-18T10:00:00+05:30
bud_96f947bf,trp_ac2f90d3,156000.00,INR,56160.00,28080.00,28080.00,21060.00,7020.00,80,2026-06-20T10:00:00+05:30,2026-08-18T10:00:00+05:30
bud_15fa3b76,trp_7d8e2e3c,66000.00,INR,23760.00,11880.00,11880.00,8910.00,2970.00,85,2026-03-11T10:00:00+05:30,2026-08-18T10:00:00+05:30
bud_209f2a99,trp_9158f558,48000.00,INR,17280.00,8640.00,8640.00,6480.00,2160.00,90,2026-07-14T10:00:00+05:30,2026-08-18T10:00:00+05:30
bud_ddf57fe2,trp_740a0028,10000.00,INR,3600.00,1800.00,1800.00,1350.00,450.00,80,2026-04-07T10:00:00+05:30,2026-08-18T10:00:00+05:30
bud_c2abb9cd,trp_dbfef2b5,20000.00,INR,7200.00,3600.00,3600.00,2700.00,900.00,80,2026-03-07T10:00:00+05:30,2026-08-18T10:00:00+05:30
bud_2ee97a5b,trp_b18bf78b,7500.00,INR,2700.00,1350.00,1350.00,1012.50,337.50,90,2026-04-21T10:00:00+05:30,2026-08-18T10:00:00+05:30
bud_e5e63511,trp_566e3eb3,32000.00,INR,11520.00,5760.00,5760.00,4320.00,1440.00,85,2026-02-03T10:00:00+05:30,2026-08-18T10:00:00+05:30
bud_bd133faa,trp_a0b8b8af,8000.00,INR,2880.00,1440.00,1440.00,1080.00,360.00,85,2026-04-22T10:00:00+05:30,2026-08-18T10:00:00+05:30
bud_c6cf8b58,trp_ed2f3b97,6240000.00,IDR,2246400.00,1123200.00,1123200.00,842400.00,280800.00,80,2026-07-04T10:00:00+05:30,2026-08-18T10:00:00+05:30
bud_cb48a46e,trp_2578a1a2,3395.70,AED,1222.45,611.22,611.23,458.42,152.81,85,2026-05-19T10:00:00+05:30,2026-08-18T10:00:00+05:30
bud_10e5ae65,trp_f2b92037,132000.00,INR,47520.00,23760.00,23760.00,17820.00,5940.00,75,2026-02-24T10:00:00+05:30,2026-08-18T10:00:00+05:30
bud_125e34b1,trp_f4115fa9,48000.00,INR,17280.00,8640.00,8640.00,6480.00,2160.00,75,2026-02-19T10:00:00+05:30,2026-08-18T10:00:00+05:30
bud_d95ca26a,trp_5ad4267c,10000.00,INR,3600.00,1800.00,1800.00,1350.00,450.00,85,2026-03-25T10:00:00+05:30,2026-08-18T10:00:00+05:30
bud_43dc4821,trp_854e1930,20000.00,INR,7200.00,3600.00,3600.00,2700.00,900.00,75,2026-06-25T10:00:00+05:30,2026-08-18T10:00:00+05:30
bud_3a8d7637,trp_e617ca9d,8000.00,INR,2880.00,1440.00,1440.00,1080.00,360.00,75,2026-07-12T10:00:00+05:30,2026-08-18T10:00:00+05:30
bud_548f2932,trp_7543950b,213000.00,LKR,76680.00,38340.00,38340.00,28755.00,9585.00,75,2026-04-02T10:00:00+05:30,2026-08-18T10:00:00+05:30
bud_725d19d8,trp_3ebf9280,693.00,CHF,249.48,124.74,124.74,93.55,31.19,75,2026-07-29T10:00:00+05:30,2026-08-18T10:00:00+05:30
bud_b6c5d91e,trp_2342ddcb,20000.00,INR,7200.00,3600.00,3600.00,2700.00,900.00,85,2026-03-26T10:00:00+05:30,2026-08-18T10:00:00+05:30
bud_22857ec1,trp_5bb207b2,45500.00,INR,16380.00,8190.00,8190.00,6142.50,2047.50,90,2026-05-24T10:00:00+05:30,2026-08-18T10:00:00+05:30
bud_9ef3feb1,trp_940ac1af,66000.00,INR,23760.00,11880.00,11880.00,8910.00,2970.00,80,2026-05-25T10:00:00+05:30,2026-08-18T10:00:00+05:30
bud_d627f961,trp_d923c276,30000.00,INR,10800.00,5400.00,5400.00,4050.00,1350.00,90,2026-07-26T10:00:00+05:30,2026-08-18T10:00:00+05:30
bud_2706468c,trp_0e658b9d,88000.00,INR,31680.00,15840.00,15840.00,11880.00,3960.00,90,2026-03-09T10:00:00+05:30,2026-08-18T10:00:00+05:30
bud_78048c44,trp_876b6bd2,655.50,QAR,235.98,117.99,117.99,88.49,29.50,90,2026-06-17T10:00:00+05:30,2026-08-18T10:00:00+05:30
bud_69f67bfb,trp_b14214a6,15000.00,INR,5400.00,2700.00,2700.00,2025.00,675.00,80,2026-04-12T10:00:00+05:30,2026-08-18T10:00:00+05:30
bud_3f103270,trp_7fe2e631,60000.00,INR,21600.00,10800.00,10800.00,8100.00,2700.00,75,2026-08-02T10:00:00+05:30,2026-08-18T10:00:00+05:30
bud_a203aa7b,trp_3dee7b31,60000.00,INR,21600.00,10800.00,10800.00,8100.00,2700.00,90,2026-05-13T10:00:00+05:30,2026-08-18T10:00:00+05:30
bud_fc6f2a2b,trp_a41af335,45500.00,INR,16380.00,8190.00,8190.00,6142.50,2047.50,90,2026-07-15T10:00:00+05:30,2026-08-18T10:00:00+05:30
bud_491f5044,trp_e97f3f1c,52000.00,INR,18720.00,9360.00,9360.00,7020.00,2340.00,75,2026-08-03T10:00:00+05:30,2026-08-18T10:00:00+05:30
bud_a3d48cce,trp_bf65331c,5000.00,INR,1800.00,900.00,900.00,675.00,225.00,90,2026-03-14T10:00:00+05:30,2026-08-18T10:00:00+05:30
bud_23ec4ea4,trp_4c256d1e,69465.00,THB,25007.40,12503.70,12503.70,9377.77,3125.93,90,2026-06-16T10:00:00+05:30,2026-08-18T10:00:00+05:30
bud_a9edd496,trp_2e23ea17,415350.00,LKR,149526.00,74763.00,74763.00,56072.25,18690.75,75,2026-03-27T10:00:00+05:30,2026-08-18T10:00:00+05:30
bud_eb2a8b17,trp_cfff63af,55000.00,INR,19800.00,9900.00,9900.00,7425.00,2475.00,85,2026-02-21T10:00:00+05:30,2026-08-18T10:00:00+05:30
bud_1cef11de,trp_aa024588,6315.00,THB,2273.40,1136.70,1136.70,852.52,284.18,90,2026-04-15T10:00:00+05:30,2026-08-18T10:00:00+05:30
bud_a384b21b,trp_32db6373,78000.00,INR,28080.00,14040.00,14040.00,10530.00,3510.00,80,2026-04-12T10:00:00+05:30,2026-08-18T10:00:00+05:30
bud_fa74601b,trp_c0c1da94,40000.00,INR,14400.00,7200.00,7200.00,5400.00,1800.00,75,2026-07-19T10:00:00+05:30,2026-08-18T10:00:00+05:30
bud_8df4e83f,trp_1c6b709c,3439.80,AED,1238.33,619.17,619.16,464.37,154.79,80,2026-06-24T10:00:00+05:30,2026-08-18T10:00:00+05:30
bud_10e0644d,trp_d8d828d7,787.50,CHF,283.50,141.75,141.75,106.31,35.44,90,2026-05-19T10:00:00+05:30,2026-08-18T10:00:00+05:30
bud_19a2cd80,trp_2974df6f,124800.00,NPR,44928.00,22464.00,22464.00,16848.00,5616.00,85,2026-04-20T10:00:00+05:30,2026-08-18T10:00:00+05:30
